,fecha,idPuntoMuestreo,Temperatura C°,Potencial de Hidrogeno,Oxigeno Disuelto,Conductividad,Turbiedad,Alcalinidad total,Cloralos totales,Dureza Total,Floruros,Nitrogeno de Nitratos,Nitrogeno de NUtritos,Nitrogeno Amoniacal,Nitrogeno Total,14.0,Sustancias Activas de Azul metileno,Demanda Bioquimica de oxigeno,Demanda Química de oxígeno,Grasas y aceites,Fosforo Total,Solidos suspendidos totales,Solidos Disueltos,Solidos sedimentales,Sulfuros,Aluminio,Arsenico,Bario,Cadmio,Cobre,Cromo,Fierro,Magnesio,Mercurio,Niquel,Plomo,Sodio,Zinc,Coliformes fecales,Coliformes totales,39.0,Temperatura ambiente C°,Acidez Total,Dureza del calcio,Solidos totales,Nitrogeno total
0,2009-02-10,1.0,20.0,7.94,4.85,,,,,,,0.43,0.022,,0.56,,,6.5,52.1,12.78,0.48,32.0,517.0,0.1,,2.249,0.0134,,1.095,0.104,0.141,2.142,0.069,,,0.0115,60.7,0.072,2800.0,2000.0,0.0,,,,549.0,1.012
1,2009-02-10,2.0,16.0,7.09,2.53,,,,,,,0.619,0.011,,1.12,,,2.7,29.4,42.21,2.85,4.0,533.0,8.0,,3.831,0.0111,,1.095,0.104,0.141,0.21,0.057,,,0.0115,68.2,0.114,12000.0,4300.0,0.0,,,,537.0,1.131
2,2009-02-10,3.0,27.0,7.95,5.9,,,,,,,0.619,0.71,,47.0,,,229.2,412.0,54.86,2.85,220.0,0.0,8.0,,3.831,0.0165,,1.095,0.104,0.141,5.66,0.299,,,0.0115,126.3,2.77,4600000.0,2400000.0,0.0,,,,1105.0,47.471
3,2009-02-10,4.0,19.0,7.35,0.0,,,,,,,0.619,0.024,,6.72,,,16.2,147.0,8.8,0.62,18.0,728.0,0.3,,0.363,0.0108,,1.095,0.104,0.141,0.317,0.19,,,0.0115,102.5,0.067,120000.0,75000.0,0.0,,,,746.0,6.744
4,2009-02-10,5.0,16.0,7.46,0.0,,,,,,,0.619,0.025,,12.32,,,16.6,118.0,26.82,1.3,16.0,793.0,0.2,,0.237,0.0107,,1.095,0.104,0.056,0.275,0.264,,,0.0115,95.8,0.076,43000.0,39000.0,0.0,,,,809.0,12.345
5,2009-02-10,6.0,20.0,7.95,5.9,,,,,,,0.27,0.64,,9.52,,,22.14,90.23,6.95,1.22,8.0,719.0,0.2,,0.222,0.0108,,1.095,0.104,0.141,0.271,0.173,,,0.0115,101.3,0.095,150000.0,93000.0,0.0,,,,727.0,10.43
6,2009-02-10,7.0,26.0,7.36,0.0,,,,,,,0.619,0.71,,24.08,,,167.0,365.0,54.86,1.9,220.0,716.0,8.0,,0.488,0.0109,,0.104,0.104,0.141,0.39,0.132,,,0.0115,92.4,2.77,930000.0,430000.0,0.0,,,,936.0,24.699
7,2009-02-10,8.0,26.0,7.64,4.43,,,,,,,0.255,0.04,,17.92,,,31.6,117.0,14.79,1.1,30.0,673.0,1.0,,3.831,0.0165,,1.095,0.104,0.141,5.66,0.166,,,0.0115,89.2,0.907,240000.0,150000.0,0.0,,,,703.0,18.215
8,2009-02-10,9.0,27.0,7.43,0.0,,,,,,,0.619,0.71,,11.2,,,16.4,61.6,54.86,0.77,20.0,487.0,8.0,,0.204,0.0089,,0.0085,0.104,0.141,0.194,0.171,,,0.0115,66.0,2.305,24000.0,9300.0,0.0,,,,507.0,11.2
9,2009-02-10,10.0,25.0,7.71,5.9,,,,,,,0.619,0.71,,3.92,,,18.3,51.9,19.89,0.64,30.0,447.0,8.0,,3.831,0.0115,,1.095,0.104,0.141,0.192,0.091,,,0.0115,58.8,0.094,460000.0,93000.0,0.0,,,,477.0,4.63
10,2009-02-10,11.0,23.0,7.45,0.0,,,,,,,0.457,0.014,,47.0,,,229.2,412.0,34.9,2.47,102.0,1003.0,0.5,,0.753,0.011,,1.095,0.104,0.141,0.613,0.253,,,0.0115,126.3,0.122,4600000.0,2400000.0,0.0,,,,1105.0,47.471
11,2009-02-10,12.0,19.0,7.61,0.0,,,,,,,0.498,0.71,,26.8,,,116.4,247.0,13.75,2.85,71.0,839.0,0.1,,0.868,0.0127,,1.095,0.104,0.141,0.558,0.299,,,0.0115,120.4,0.12,750000.0,430000.0,0.0,,,,910.0,27.298
12,2009-02-10,13.0,27.0,7.95,5.9,,,,,,,0.619,0.71,,47.0,,,229.2,412.0,54.86,2.85,220.0,0.0,8.0,,3.831,0.0165,,1.095,0.104,0.141,5.66,0.299,,,0.0115,126.3,2.77,4600000.0,2400000.0,0.0,,,,1105.0,47.471
13,2009-02-11,1.0,21.0,7.9,5.7,,,,,,,4.26,0.69,,5.04,,,17.7,219.6,6.59,1.88,57.0,473.0,0.1,,1.86,0.0174,,0.682,,0.089,1.829,0.075,,0.515,,59.3,3.46,24000.0,15000.0,0.0,,,,530.0,5.04
14,2009-02-11,2.0,16.0,7.2,1.9,,,,,,,4.26,0.69,,1.68,,,2.2,91.7,4.5,0.3,2.0,533.0,4.0,,2.281,0.0152,,0.682,,0.089,0.136,0.085,,0.515,,65.6,3.46,12000.0,7500.0,0.0,,,,535.0,1.68
15,2009-02-11,3.0,25.0,7.9,7.4,,,,,,,4.26,0.69,,33.04,,,216.0,434.6,30.76,1.88,157.0,0.0,4.0,,2.281,0.0215,,0.682,,0.089,1.829,0.361,,0.515,,130.2,3.46,4600000.0,2400000.0,0.0,,,,997.0,33.601
16,2009-02-11,4.0,18.0,7.39,0.0,,,,,,,0.321,0.038,,16.8,,,44.0,162.0,2.5,1.88,22.0,163.0,4.0,,0.367,0.0129,,0.682,,0.089,0.344,0.217,,0.515,,108.6,0.091,31000.0,15000.0,0.0,,,,185.0,17.159
17,2009-02-11,5.0,20.0,7.44,3.8,,,,,,,4.26,0.025,,12.88,,,8.1,103.0,2.29,1.88,9.0,782.0,4.0,,0.22,0.0124,,0.682,,0.089,0.208,0.264,,0.515,,103.4,0.05,9300.0,8300.0,0.0,,,,791.0,12.905
18,2009-02-11,6.0,16.5,7.61,6.8,,,,,,,4.26,0.534,,10.08,,,30.2,113.4,3.33,1.88,8.0,632.0,4.0,,0.219,0.0121,,0.682,,0.089,0.263,0.204,,0.515,,101.9,0.051,12000.0,7500.0,0.0,,,,640.0,14.874
19,2009-02-11,7.0,24.0,7.18,7.4,,,,,,,0.59,0.012,,30.99,,,216.0,434.6,18.31,1.88,115.0,855.0,0.7,,1.86,0.0159,,0.401,,0.058,1.402,0.164,,0.515,,124.0,3.46,2400000.0,1300000.0,0.0,,,,970.0,31.592
20,2009-02-11,8.0,24.0,7.26,0.6,,,,,,,0.27,0.69,,15.5,,,70.0,242.8,16.54,1.55,157.0,657.0,4.0,,2.281,0.0215,,0.682,,0.089,1.722,0.169,,0.515,,95.5,3.03,1500000.0,1200000.0,0.0,,,,814.0,15.77
21,2009-02-11,9.0,25.0,7.0,0.0,,,,,,,4.26,0.013,,13.08,,,13.3,90.6,6.02,0.73,12.0,488.0,4.0,,2.281,0.0125,,0.0017,,0.089,0.227,0.179,,0.515,,64.5,2.67,7500.0,4300.0,0.0,,,,500.0,13.093
22,2009-02-11,10.0,25.0,7.43,7.4,,,,,,,0.41,0.69,,2.75,,,21.4,79.4,2.12,0.71,10.0,484.0,0.1,,2.281,0.0164,,0.0036,,0.089,0.154,0.142,,0.515,,59.9,1.955,6400.0,3800.0,0.0,,,,494.0,3.85
23,2009-02-11,11.0,17.0,7.4,0.0,,,,,,,0.561,0.69,,33.04,,,196.0,400.0,30.76,0.79,78.0,666.0,4.0,,1.066,0.012,,0.682,,0.089,0.542,0.235,,0.239,,130.2,0.08,210000.0,150000.0,0.0,,,,744.0,33.601
24,2009-02-11,12.0,19.0,7.35,0.0,,,,,,,0.534,0.69,,31.36,,,122.5,313.0,2.12,0.4,79.0,918.0,0.5,,1.17,0.0125,,0.682,,0.089,0.676,0.361,,0.515,,128.0,0.086,4600000.0,2400000.0,0.0,,,,997.0,31.894
25,2009-02-11,13.0,25.0,7.9,7.4,,,,,,,4.26,0.69,,33.04,,,216.0,434.6,30.76,1.88,157.0,0.0,4.0,,2.281,0.0215,,0.682,,0.089,1.829,0.361,,0.515,,130.2,3.46,4600000.0,2400000.0,0.0,,,,997.0,33.601
26,2009-04-20,1.0,23.0,8.01,1.61,782.0,200.0,351.8,4.7,163.6,0.65,0.42,0.563,1.29,2.58,61.06,5.16,8.4,49.0,7.06,0.33,71.0,575.0,1.0,0.062,4.691,0.0136,,0.007,,,4.435,0.117,,,,68.9,0.081,24000000.0,24000000.0,0.0,25.0,9.9,,646.0,3.0
27,2009-04-20,2.0,22.0,7.37,0.0,845.0,4.0,351.8,5.1,145.4,0.97,7.54,0.563,2.58,4.5,61.55,8.8,7.62,39.2,7.87,1.07,15.0,568.0,1.0,1.61,4.691,0.0101,,0.007,,,0.173,0.151,,,,75.0,0.103,46000.0,46000.0,0.0,28.0,9.9,,583.0,4.5
28,2009-04-20,3.0,25.0,6.88,0.8,1042.0,14.0,458.0,61.76,194.9,0.932,7.54,0.563,1.17,4.7,135.07,0.315,13.38,59.4,15.64,1.13,40.0,693.0,0.5,12.4,0.343,0.0122,,0.007,,,0.16,0.179,,,,101.4,0.054,4300.0,2300.0,0.0,36.0,19.6,,733.0,4.7
29,2009-04-20,4.0,23.0,7.46,0.0,1058.0,20.0,398.7,7.1,190.8,0.97,7.54,0.563,8.37,10.3,75.44,2.21,19.68,177.1,9.5,2.92,7.0,702.0,1.0,2.02,0.2,0.0081,,0.007,,,0.125,0.172,,,,100.1,0.105,240000.0,240000.0,0.0,29.0,29.7,,709.0,10.3
30,2009-04-20,5.0,23.0,7.7,0.0,1106.0,3.3,445.6,6.8,222.7,1.07,7.54,0.103,9.66,11.59,69.16,0.89,10.0,58.8,7.88,3.3,6.0,968.0,1.0,12.4,4.691,0.0087,,0.007,,,0.16,0.251,,,,110.8,0.072,240000.0,240000.0,0.0,30.0,29.7,,974.0,11.693
31,2009-04-20,6.0,24.0,8.16,5.64,1109.0,4.4,422.1,6.8,181.8,1.09,1.04,0.5,8.37,10.9,87.07,0.44,18.0,82.2,7.69,3.83,6.0,772.0,1.0,12.4,0.207,0.0075,,0.007,,,0.195,0.204,,,,110.2,0.217,110000.0,110000.0,0.0,30.0,19.8,,778.0,12.44
32,2009-04-20,7.0,28.0,7.56,0.0,1274.0,65.5,515.9,99.5,301.0,0.9,0.29,0.563,34.78,46.4,106.7,6.79,143.5,320.8,22.8,7.41,56.0,853.0,1.0,2.74,1.038,0.0063,,0.007,,,0.424,0.105,,,,88.2,0.149,2400000.0,430000.0,0.0,36.0,138.6,,909.0,46.69
33,2009-04-20,8.0,26.0,8.08,6.65,1165.0,25.0,469.0,65.2,178.5,1.07,0.85,0.41,11.59,18.68,79.74,0.79,18.6,107.8,8.7,3.81,48.0,765.0,1.0,12.4,1.375,0.0127,,0.007,,,0.821,0.135,,,,110.9,0.076,110000.0,15000.0,0.0,34.0,99.0,,813.0,19.94
34,2009-04-20,9.0,23.0,7.7,2.82,969.0,5.5,469.0,51.5,143.0,1.05,7.54,0.021,15.46,16.1,63.1,0.4,8.42,68.6,6.22,3.47,10.0,612.0,1.0,0.47,4.691,0.0091,,0.007,,,0.135,0.183,,,,84.4,0.217,24000000.0,24000000.0,0.0,25.0,99.0,,622.0,16.121
35,2009-04-20,10.0,23.0,7.77,2.41,880.0,3.0,375.2,51.5,140.0,1.16,7.54,0.563,5.15,8.37,55.42,0.21,21.7,58.8,5.7,2.28,6.0,618.0,1.0,12.4,4.691,0.0099,,0.007,,,0.041,0.128,,,,81.7,0.217,2300.0,400.0,0.0,20.0,59.4,,624.0,16.473
36,2009-04-20,11.0,20.0,7.5,0.0,1575.0,340.0,633.2,8.5,136.2,0.81,0.54,0.028,54.1,66.9,135.07,8.8,225.0,443.0,30.67,10.83,83.0,936.0,1.0,12.4,0.413,0.0077,,0.007,,,0.33,0.216,,,,141.6,0.109,24000000.0,24000000.0,0.0,21.0,69.3,,1019.0,67.468
37,2009-04-20,12.0,23.0,7.8,0.0,1480.0,310.0,680.1,9.2,149.9,1.06,0.4,0.563,34.1,52.16,108.5,4.78,157.7,327.0,18.21,10.77,69.0,958.0,1.0,1.92,1.317,0.0078,,0.007,,,0.842,0.286,,,,136.6,0.072,24000000.0,24000000.0,0.0,28.0,59.4,,1027.0,52.56
38,2009-04-20,13.0,27.0,8.35,7.66,784.0,45.0,422.1,37.7,168.0,1.1,7.54,0.0174,2.57,3.86,48.98,0.85,15.81,49.0,7.11,0.45,44.0,566.0,1.0,12.4,2.67,0.0122,,0.007,,,2.198,0.08,,,,71.1,0.066,4300.0,2300.0,0.0,36.0,9.9,,610.0,3.8774
39,2009-05-25,1.0,25.0,8.5,2.63,980.0,12.0,458.2,52.13,225.7,0.97,3.0,1.79,4.25,6.91,93.6,0.47,15.6,79.69,9.57,0.87,36.0,589.0,1.0,0.79,3.382,0.0087,,0.0085,0.111,0.069,0.31,0.177,0.0005,,0.0124,177.9,0.233,150000.0,70000.0,0.0,33.0,,,625.0,6.91
40,2009-05-25,2.0,23.0,8.5,0.81,1206.0,3.2,458.2,64.02,269.3,1.05,3.0,1.79,3.72,5.85,146.47,0.33,2.98,78.91,7.74,2.0,11.0,727.0,1.0,1.82,3.382,0.0117,,0.0085,0.111,0.069,0.225,0.173,0.0007,,0.0124,177.9,0.054,15000.0,4000.0,0.0,31.0,,,738.0,5.85
41,2009-05-25,3.0,23.0,8.5,0.0,1094.0,6.8,412.0,67.7,249.5,1.04,3.0,1.79,3.19,10.64,106.0,0.53,5.01,70.66,10.64,2.24,10.0,688.0,1.0,1.4,0.385,0.0097,,0.0085,0.111,0.069,0.231,0.233,0.0014,,0.0124,82.2,0.064,4000.0,4000.0,0.0,28.0,,,698.0,10.64
42,2009-05-25,4.0,23.0,8.42,0.0,1303.0,12.1,641.0,85.97,261.4,1.07,3.0,1.79,12.24,14.36,120.5,2.33,20.04,96.97,7.44,2.55,14.0,804.0,1.0,3.26,0.339,0.0097,,0.0085,0.111,0.069,0.109,0.244,0.0011,,0.0124,97.2,0.059,430000.0,150000.0,0.0,32.0,,,818.0,14.36
43,2009-05-25,5.0,29.0,8.45,4.66,1192.0,5.7,504.0,68.59,245.5,1.14,3.0,0.042,6.91,9.57,147.6,0.5,11.16,72.63,6.55,3.62,19.0,716.0,1.0,14.6,0.33,0.009,,0.0085,0.111,0.069,0.145,0.196,0.0014,,0.0124,90.0,0.062,93000.0,21000.0,0.0,30.0,,,735.0,9.612
44,2009-05-25,6.0,28.0,8.48,3.24,1233.0,4.5,458.2,82.31,253.4,1.16,3.0,1.7,3.19,5.85,145.4,0.47,16.86,84.0,5.39,2.16,8.0,764.0,1.0,14.6,3.382,0.0059,,0.0085,0.111,0.069,0.114,0.171,0.0014,,0.0124,116.6,0.233,240000.0,240000.0,0.0,30.0,,,772.0,10.55
45,2009-05-25,7.0,30.0,8.28,0.0,1536.0,80.9,549.9,112.33,174.2,0.58,3.0,0.018,30.86,39.9,155.5,14.9,205.8,401.22,32.72,5.27,14.0,963.0,0.1,2.6,1.778,0.0098,,0.0085,0.111,0.069,1.061,0.158,0.0006,,0.0124,143.4,0.129,24000000.0,24000000.0,0.0,33.0,,,977.0,39.918
46,2009-05-25,8.0,28.0,8.35,2.22,1260.0,35.0,458.2,81.46,186.1,1.22,3.0,1.79,17.56,23.41,134.0,3.29,38.8,146.44,14.13,4.91,74.0,681.0,0.3,0.58,1.004,0.012,,0.0054,0.111,0.069,0.961,0.185,0.0006,,0.0124,95.1,0.08,930000.0,930000.0,0.0,28.0,,,755.0,23.41
47,2009-05-25,9.0,25.0,8.41,2.22,1222.0,8.2,458.2,74.6,221.0,1.16,0.33,0.057,17.02,19.68,114.9,0.3,5.44,10.0,9.34,1.2,13.0,686.0,1.0,0.58,0.216,0.0111,,0.0085,0.111,0.069,0.529,0.789,0.0007,,0.0124,86.5,0.233,9000.0,9000.0,0.0,22.0,,,699.0,20.067
48,2009-05-25,10.0,23.0,8.48,8.91,1130.0,7.8,366.6,81.46,225.7,1.28,2.17,1.79,6.92,9.58,117.7,0.74,10.71,30.0,9.89,3.2,12.0,672.0,1.0,14.6,3.382,0.0145,,0.0085,0.111,0.069,0.126,0.144,0.0006,,0.0124,97.3,0.233,900.0,900.0,0.0,15.0,,,684.0,13.54
49,2009-05-25,11.0,21.0,8.22,0.0,1701.0,170.0,641.0,87.8,277.2,1.32,0.29,1.79,39.9,45.75,201.9,24.9,288.0,567.3,60.35,7.32,297.0,956.0,1.0,9.94,3.382,0.008,,0.0085,0.111,0.069,2.2275,0.297,0.0013,,0.0124,177.9,0.233,24000000.0,24000000.0,0.0,19.0,,,1253.0,46.04
50,2009-05-25,12.0,23.0,8.48,0.4,1891.0,42.1,733.0,121.64,308.9,1.3,3.0,1.79,24.47,28.73,349.0,8.86,53.16,182.95,19.67,6.83,48.0,1126.0,1.0,1.19,0.624,0.0079,,0.0085,0.111,0.069,0.331,0.613,0.0008,,0.0124,177.9,0.071,4600000.0,4600000.0,0.0,32.0,,,1174.0,28.73
51,2009-05-25,13.0,25.0,8.41,1.01,1035.0,25.0,504.0,58.53,269.3,0.98,3.0,1.79,2.12,6.38,71.7,0.82,26.28,112.3,5.74,1.19,51.0,628.0,1.0,2.2,0.505,0.0061,,0.0085,0.111,0.069,0.846,0.268,0.0005,,0.0124,177.9,0.11,930000.0,70000.0,0.0,25.0,,,679.0,6.38
104,2009-10-20,1.0,21.0,7.27,0.59,334.0,7.65,139.44,20.38,121.89,0.3,0.6,0.28,0.59,2.94,20.5,0.511,8.58,21.85,8.92,0.42,51.0,213.0,0.2,1.05,2.088,0.0069,0.101,0.034,,,1.989,0.139,,0.483,,17.4,0.085,2400000.0,2400000.0,0.0,22.0,9.58,,264.0,3.82
105,2009-10-20,2.0,19.6,7.1,6.53,1036.0,4.66,298.8,73.54,279.17,0.64,14.9,0.5,2.94,5.88,116.64,0.639,9.75,17.48,17.79,5.99,4.0,584.0,0.5,0.49,2.568,0.0069,0.101,0.034,,,0.248,0.276,,0.483,,69.8,0.085,43000.0,43000.0,0.0,22.5,9.58,,588.0,5.88
106,2009-10-20,3.0,22.5,7.63,0.0,1080.0,3.31,298.8,78.85,267.34,0.74,14.9,0.5,4.12,7.06,125.56,0.778,4.28,34.96,22.11,5.48,7.0,690.0,0.5,0.35,2.568,0.0069,0.101,0.034,,,0.16,0.429,,0.483,,77.1,0.085,9000.0,9000.0,0.0,28.0,9.58,,697.0,7.06
107,2009-10-20,4.0,22.2,7.44,0.0,1136.0,8.73,398.4,75.31,263.44,0.82,14.9,0.5,10.0,13.52,78.23,0.816,17.28,120.0,12.26,9.58,11.0,678.0,0.5,0.45,0.223,0.0069,0.101,0.034,,,3.78,0.562,,0.483,,87.0,0.074,1100000.0,1100000.0,0.0,27.0,9.58,,689.0,13.52
108,2009-10-20,5.0,26.0,7.55,2.89,1065.0,2.91,358.56,82.4,247.72,0.84,0.25,0.277,10.58,12.93,82.77,0.459,5.97,17.48,22.11,8.3,14.0,642.0,0.1,0.19,0.316,0.0069,0.101,0.034,,,0.237,0.56,,0.483,,84.1,0.085,43000.0,43000.0,0.0,29.0,9.58,,656.0,13.457
109,2009-10-20,6.0,24.0,7.95,5.34,1008.0,4.61,278.88,73.54,247.72,0.89,14.9,0.5,3.53,5.29,78.12,0.445,9.14,21.85,22.11,7.31,8.0,653.0,0.5,1.05,0.398,0.0069,0.101,0.034,,,0.48,0.145,,0.483,,79.6,0.085,240000.0,110000.0,0.0,18.0,9.58,,661.0,20.69
110,2009-10-20,7.0,18.0,7.21,0.0,1027.0,25.4,338.6,85.9,174.9,1.18,14.9,0.072,12.34,12.34,79.58,3.84,90.5,240.0,12.82,3.53,60.0,556.0,0.5,1.05,0.752,0.0069,0.101,0.026,,,0.51,0.1,,0.483,,83.7,0.085,24000000.0,24000000.0,0.0,15.0,9.58,,616.0,12.412
111,2009-10-20,8.0,24.0,7.33,1.78,839.0,12.7,149.0,59.3,151.3,1.26,14.9,0.054,7.64,7.64,59.86,1.54,24.06,80.0,10.86,3.24,36.0,503.0,0.5,1.05,0.784,0.0066,0.101,0.034,,,0.517,0.097,,0.483,,67.1,0.079,1100000.0,1100000.0,0.0,20.0,9.58,,539.0,7.694
112,2009-10-20,9.0,27.0,7.32,3.36,466.0,9.41,179.2,31.0,123.8,0.74,14.9,0.5,1.76,1.76,37.31,0.67,3.74,23.9,22.11,0.58,12.0,290.0,0.5,1.05,0.958,0.0069,0.101,0.0014,,,0.552,0.101,,0.483,,34.0,0.085,46000.0,46000.0,0.0,23.0,9.58,,302.0,1.76
113,2009-10-20,10.0,29.0,7.83,6.53,438.0,24.75,149.4,34.5,108.1,0.75,1.65,0.194,4.12,4.12,36.1,0.18,6.26,21.85,22.11,1.01,51.0,316.0,0.3,1.05,2.441,0.0064,0.101,0.0012,,,1.559,0.088,,0.483,,32.2,0.085,9000.0,9000.0,0.0,34.0,9.58,,367.0,5.964
114,2009-10-20,11.0,16.0,7.5,0.0,1311.0,101.2,458.0,80.63,287.06,1.14,0.38,0.5,11.17,11.17,81.25,1.449,123.8,240.0,22.11,9.04,54.0,764.0,0.2,1.05,1.264,0.005,0.101,0.034,,,0.645,0.321,,0.483,,96.9,0.052,240000000.0,21000000.0,0.0,16.0,9.58,,818.0,11.55
115,2009-10-20,12.0,26.5,7.62,2.77,1316.0,13.9,458.2,87.71,247.72,1.14,14.9,0.5,10.58,10.58,94.25,1.514,32.95,69.95,22.11,5.32,38.0,767.0,0.5,0.59,0.529,0.0069,0.101,0.034,,,0.333,0.36,,0.483,,108.6,0.051,240000.0,240000.0,0.0,26.5,9.58,,805.0,10.58
116,2009-10-20,13.0,20.0,7.16,2.17,294.0,24.5,139.4,15.06,129.76,0.64,1.1,0.096,0.59,0.59,31.51,0.425,4.18,48.08,22.11,0.42,47.0,188.0,0.5,0.39,2.568,0.0069,0.101,0.034,,,2.4,0.12,,0.483,,14.8,0.085,460000.0,460000.0,0.0,20.0,9.58,,235.0,1.786
117,2009-11-11,1.0,19.2,7.12,0.0,477.0,8.07,179.3,17.72,78.64,0.28,5.49,0.693,1.76,3.52,28.36,0.69,8.61,26.2,33.53,1.14,15.0,290.0,3.0,0.258,0.337,0.124,,0.234,,0.109,0.519,0.183,,,0.0104,26.0,0.45,4600000.0,150000.0,0.0,19.0,8.0,,305.0,3.52
118,2009-11-11,2.0,16.9,7.25,1.2,1001.0,3.46,298.8,53.16,192.67,0.82,5.49,0.693,3.53,7.06,108.34,0.52,3.8,51.62,33.53,3.58,26.0,611.0,3.0,0.268,2.144,0.124,,0.234,,0.109,0.078,0.193,,,0.0104,68.4,0.45,24000.0,4300.0,0.0,16.0,16.0,,637.0,7.06
119,2009-11-11,3.0,17.2,7.52,0.0,1232.0,2.72,318.7,95.69,224.12,0.62,5.49,0.693,4.12,7.06,140.59,0.29,3.61,56.31,11.59,4.12,21.0,737.0,3.0,3.02,2.144,0.124,,0.234,,0.109,0.102,0.264,,,0.0104,94.4,0.45,9000.0,9000.0,0.0,15.0,16.0,,758.0,7.06
120,2009-11-11,4.0,18.4,7.66,0.0,1428.0,13.7,478.1,85.06,228.06,1.19,5.49,0.693,10.0,21.76,78.17,6.27,38.04,103.17,9.49,6.24,88.0,748.0,3.0,3.02,2.144,0.124,,0.234,,0.109,0.118,0.387,,,0.0104,108.8,0.45,1100000.0,1100000.0,0.0,12.0,16.0,,836.0,21.76
121,2009-11-11,5.0,17.7,7.71,0.0,1345.0,3.69,498.0,74.42,216.26,1.17,0.29,0.693,5.88,16.46,80.57,0.99,12.93,37.54,17.55,6.51,27.0,714.0,3.0,0.99,2.144,0.124,,0.234,,0.109,0.158,0.451,,,0.0104,101.9,0.45,230000.0,230000.0,0.0,12.0,8.0,,741.0,16.75
122,2009-11-11,6.0,18.8,7.79,4.82,1252.0,7.7,358.6,69.11,204.46,1.2,5.49,0.421,3.53,9.41,87.0,0.57,34.8,55.58,6.25,5.62,44.0,725.0,3.0,3.02,2.144,0.124,,0.234,,0.055,0.376,0.196,,,0.0104,97.7,0.45,43000.0,43000.0,0.0,24.0,16.0,,769.0,15.321
123,2009-11-11,7.0,20.0,7.64,4.02,1121.0,13.5,338.6,65.56,184.8,1.06,2.69,0.693,7.06,11.76,70.5,1.45,28.88,59.01,6.92,3.76,66.0,609.0,0.3,3.02,0.206,0.005,,0.062,,0.109,0.452,0.146,,,0.0104,87.5,0.077,1100000.0,1100000.0,0.0,24.0,16.0,,675.0,15.143
124,2009-11-11,8.0,21.0,7.46,0.2,972.0,78.2,368.6,47.84,117.96,1.51,5.49,0.035,10.58,18.82,72.33,1.19,54.48,190.35,33.53,0.44,256.0,463.0,3.0,0.218,2.144,0.124,,0.234,,0.109,1.838,0.195,,,0.0104,81.8,0.45,930000.0,930000.0,0.0,24.0,20.0,,719.0,18.855
125,2009-11-11,9.0,23.0,7.47,2.41,722.0,4.8,199.2,40.76,82.57,1.14,5.49,0.693,2.35,6.47,50.15,0.87,6.08,32.84,33.53,2.0,37.0,385.0,3.0,0.99,2.144,0.005,,0.0055,,0.109,0.158,0.161,,,0.0104,56.6,0.45,4300.0,4300.0,0.0,24.0,16.0,,422.0,6.47
126,2009-11-11,10.0,23.0,7.82,5.82,645.0,10.1,199.2,30.12,94.37,1.03,2.04,0.571,2.94,8.23,43.94,0.29,5.68,28.15,33.53,1.89,39.0,392.0,3.0,3.02,0.389,0.0072,,0.0034,,0.109,0.345,0.086,,,0.0104,54.4,0.45,9000000.0,9000000.0,0.0,24.0,8.0,,431.0,10.841
127,2009-11-11,11.0,18.8,7.42,0.0,1452.0,104.0,498.0,69.11,196.6,1.15,0.26,0.024,21.76,36.46,85.48,5.03,164.7,325.88,31.56,9.16,300.0,618.0,3.0,0.95,1.132,0.0051,,0.234,,0.109,0.794,0.311,,,0.0104,117.0,0.057,4300000.0,4300000.0,0.0,9.0,32.0,,918.0,36.744
128,2009-11-11,12.0,20.2,7.49,0.0,1806.0,70.55,597.0,99.23,200.53,1.53,5.49,0.693,25.28,40.57,115.38,5.04,140.0,344.53,30.75,9.14,204.0,862.0,3.0,2.34,1.925,0.0057,,0.234,,0.109,0.863,0.328,,,0.0104,163.1,0.066,9000000.0,9000000.0,0.0,19.0,20.0,,1066.0,40.57
129,2009-11-11,13.0,20.1,7.12,0.4,394.0,6.92,199.2,14.18,82.57,0.39,0.31,0.277,0.59,2.94,12.59,0.69,6.06,28.15,6.58,0.57,30.0,238.0,3.0,3.02,0.452,0.124,,0.234,,0.109,0.663,0.178,,,0.0104,23.5,0.45,750000.0,750000.0,0.0,20.0,8.0,,268.0,3.527
130,2010-01-26,1.0,18.9,8.44,5.88,822.33,54.5,330.0,48.0,208.0,0.97,3.8,0.79,2.34,4.68,69.07,15.18,4.96,36.44,8.42,0.5,57.0,617.0,0.5,27.8,4.443,0.0121,,0.0019,0.147,,3.068,0.309,0.0011,,,68.5,0.083,43000.0,43000.0,0.0,19.0,,,674.0,4.68
131,2010-01-26,2.0,15.57,7.25,0.62,915.33,5.83,330.0,55.0,222.0,1.2,3.8,0.79,2.34,4.68,77.85,0.02,3.49,31.38,6.26,1.31,4.0,620.0,0.5,2.9,4.443,0.0077,,0.0019,0.147,,0.189,0.104,0.0011,,,80.3,0.193,93000.0,43000.0,0.0,19.5,,,624.0,4.68
132,2010-01-26,3.0,15.07,7.66,4.0,1031.67,9.79,300.0,71.0,257.0,1.03,0.81,0.142,2.92,3.51,116.84,0.01,2.96,31.88,5.42,1.48,9.0,712.0,0.5,0.21,0.666,0.0091,,0.0019,0.147,,0.432,0.309,0.0011,,,88.6,0.193,7500.0,7500.0,0.0,20.0,,,721.0,4.462
133,2010-01-26,4.0,15.43,7.37,0.61,1302.33,99.35,470.0,97.0,273.0,1.04,3.8,0.79,13.45,17.55,95.76,0.31,31.44,77.79,7.03,6.93,8.0,857.0,0.5,27.8,4.443,0.0075,,0.0019,0.147,,0.108,0.206,0.0011,,,112.3,0.078,150000.0,93000.0,0.0,20.0,,,865.0,17.55
134,2010-01-26,5.0,16.17,7.52,0.41,1313.67,5.73,460.0,94.0,269.0,1.11,3.8,0.024,15.79,18.13,103.64,0.14,10.71,54.4,7.02,5.59,7.0,876.0,0.5,1.1,4.443,0.0057,,0.0019,0.147,,3.068,0.282,0.0011,,,115.2,0.193,15000.0,9300.0,0.0,23.0,,,883.0,18.154
135,2010-01-26,6.0,17.37,7.99,5.11,1280.0,4.98,420.0,92.0,289.0,1.14,3.8,0.79,8.77,13.45,113.3,15.18,22.44,50.37,41.7,5.48,13.0,1168.0,0.5,27.8,4.443,0.0054,,0.0019,0.147,,3.068,0.247,0.0011,,,119.6,0.193,15000.0,7500.0,0.0,20.0,,,1181.0,18.04
136,2010-01-26,7.0,24.63,7.62,0.1,1378.33,34.1,340.0,106.0,206.0,1.26,3.8,0.018,21.64,33.93,120.57,10.48,181.5,322.58,28.03,4.82,62.0,872.0,0.5,1.43,4.443,0.0141,,0.0019,0.147,,0.384,0.11,0.0011,,,134.7,0.193,1100000.0,150000.0,0.0,30.0,,,934.0,33.948
137,2010-01-26,8.0,22.16,7.98,6.64,583.0,8.9,350.0,65.0,222.0,1.53,3.8,0.459,9.94,14.62,108.19,1.09,23.7,69.73,41.7,3.62,25.0,697.0,0.5,27.8,4.443,0.0154,,0.0019,0.147,,0.303,0.117,0.0011,,,95.6,0.193,21000.0,15000.0,0.0,28.0,,,722.0,15.079
138,2010-01-26,9.0,19.46,7.14,1.51,875.0,6.3,290.0,58.0,162.0,1.25,3.8,0.011,12.28,13.45,65.96,0.195,11.85,56.42,5.78,3.23,11.0,517.0,0.5,2.54,4.443,0.0114,,0.0016,0.147,,3.068,0.124,0.0011,,,73.6,0.193,9300.0,9300.0,0.0,17.0,,,528.0,13.461
139,2010-01-26,10.0,21.56,7.58,5.63,667.6,47.3,230.0,39.0,139.0,1.4,3.8,0.448,1.75,3.51,57.71,1.07,14.1,50.77,41.7,2.03,77.0,457.0,0.5,27.8,2.883,0.0238,,0.0011,0.147,,2.29,0.104,0.0011,,,59.2,0.193,930.0,930.0,0.0,17.0,,,534.0,3.958
140,2010-01-26,11.0,17.4,7.35,0.2,1480.67,105.0,560.0,90.0,257.0,1.06,3.8,0.11,30.42,41.53,117.44,15.18,189.0,406.05,41.7,7.7,147.0,993.0,0.11,17.3,1.01,0.0083,,0.0019,0.147,,0.594,0.193,0.0011,,,125.1,0.141,210000.0,210000.0,0.0,10.5,,,1140.0,41.64
141,2010-01-26,12.0,17.97,7.5,0.09,1481.33,150.0,600.0,97.0,285.0,1.19,3.8,0.79,26.91,34.51,80.46,0.818,92.7,182.64,19.53,5.53,23.0,1377.0,0.5,27.8,4.443,0.0061,,0.0019,0.147,,0.108,0.309,0.0011,,,133.4,0.073,1100000.0,1100000.0,0.0,24.0,,,1400.0,34.51
142,2010-01-26,13.0,17.7,8.08,3.74,827.67,42.0,300.0,51.0,210.0,1.05,3.8,0.79,0.58,2.92,66.57,15.18,3.53,36.44,5.91,0.28,49.0,602.0,0.5,27.8,3.413,0.015,,0.0019,0.147,,2.193,0.309,0.0011,,,72.01,0.052,15000.0,15000.0,0.0,14.5,,,651.0,2.92
143,2010-03-16,1.0,21.0,8.09,3.03,624.3,38.0,285.0,39.0,188.0,1.09,5.64,0.14,17.55,1.75,58.18,0.32,3.0,16.0,6.61,0.79,34.0,521.0,3.5,25.54,1.673,0.0104,0.109,0.0035,,0.086,1.305,0.063,0.0013,,0.0181,61.6,0.082,,,0.0,20.0,,,555.0,1.89
144,2010-03-16,2.0,19.36,7.32,0.64,751.6,4.1,300.0,43.0,199.0,1.03,5.64,0.89,1.75,2.93,69.95,0.86,3.31,36.0,74.96,1.44,1.0,557.0,3.5,5.34,6.047,0.0061,0.109,0.0035,,0.086,0.26,0.116,0.0013,,0.0264,67.7,0.177,,,0.0,24.0,,,558.0,2.93
145,2010-03-16,3.0,20.7,7.32,0.91,1027.0,7.9,305.0,81.0,216.0,0.99,5.64,0.012,0.59,4.1,145.06,1.16,3.75,44.0,74.96,1.82,5.0,730.0,3.5,0.47,0.476,0.0139,0.109,0.0035,,0.086,0.265,0.142,0.0013,,0.0147,107.7,0.087,,,0.0,23.0,,,735.0,4.112
146,2010-03-16,4.0,18.36,7.59,2.12,934.6,29.0,360.0,61.0,198.0,1.01,5.64,0.89,0.58,10.53,67.0,2.58,20.88,55.76,74.96,8.41,19.0,625.0,3.5,13.59,0.241,0.0139,0.109,0.0035,,0.086,0.141,0.185,0.0013,,0.0257,84.7,0.177,,,0.0,23.0,,,644.0,10.53
147,2010-03-16,5.0,19.66,7.61,0.43,836.3,4.2,375.0,64.0,210.0,1.09,5.64,0.89,1.75,11.7,72.58,0.9,6.37,49.69,8.03,10.12,8.0,677.0,3.5,1.8,6.047,0.0139,0.109,0.0035,,0.086,0.142,0.212,0.0013,,0.0061,92.4,0.177,,,0.0,28.0,,,685.0,11.7
148,2010-03-16,6.0,20.33,8.06,5.49,914.0,4.0,325.0,65.0,202.0,1.18,5.64,0.89,0.58,7.61,76.41,0.58,7.32,8.0,74.96,9.87,220.0,683.0,3.5,25.54,0.258,0.0139,0.109,0.0035,,0.086,0.167,0.134,0.0013,,0.0063,89.4,0.177,,,0.0,30.0,,,683.0,14.14
149,2010-03-16,7.0,20.56,7.46,0.48,1316.6,120.0,400.0,100.0,186.0,1.22,5.64,0.89,17.55,31.6,111.59,8.5,204.0,436.0,34.46,8.77,220.0,816.0,0.8,25.54,0.801,0.0139,0.109,0.0035,,0.086,0.42,0.097,0.0013,,0.0226,114.8,0.177,,,0.0,22.0,,,1036.0,31.6
150,2010-03-16,8.0,21.6,7.58,1.22,919.6,60.0,360.0,73.0,184.0,1.36,5.64,0.284,16.38,19.9,83.52,10.78,39.48,179.55,13.28,6.5,150.0,674.0,3.5,25.54,1.41,0.0079,0.109,0.0026,,0.086,0.776,0.131,0.0013,,0.0131,92.2,0.111,,,0.0,29.0,,,824.0,20.184
151,2010-03-16,9.0,21.2,7.44,3.63,554.0,5.2,230.0,39.0,119.0,1.03,5.64,0.89,1.75,2.93,47.1,11.9,5.55,36.0,74.96,2.2,7.0,417.0,3.5,0.97,0.233,0.0139,0.109,0.0035,,0.086,0.19,0.128,0.0013,,0.0264,52.7,0.177,,,0.0,33.0,,,424.0,2.93
152,2010-03-16,10.0,24.8,8.42,9.02,433.0,100.0,170.0,25.0,113.0,1.33,2.24,0.107,0.58,4.68,35.88,11.99,5.82,66.28,74.96,1.78,148.0,354.0,3.5,25.54,6.047,0.0139,0.109,0.0035,,0.086,8.61,0.269,0.0013,,0.0262,42.2,0.089,,,0.0,34.0,,,502.0,7.027
153,2010-03-16,11.0,17.6,7.3,0.12,1364.0,95.0,450.0,77.0,243.0,1.31,5.64,0.89,7.6,35.11,142.03,7.07,188.5,437.25,41.95,9.4,180.0,595.0,0.6,7.94,1.385,0.0139,0.109,0.0035,,0.086,0.755,0.214,0.0013,,0.0085,115.0,0.14,,,0.0,12.0,,,775.0,35.11
154,2010-03-16,12.0,21.26,7.93,0.08,1133.0,170.0,600.0,82.0,253.0,1.4,5.64,0.89,4.68,28.09,82.2,16.71,64.2,191.29,74.96,8.91,14.0,888.0,3.5,25.54,0.372,0.0139,0.109,0.0035,,0.086,0.175,0.263,0.0013,,0.0264,124.3,0.092,,,0.0,31.0,,,902.0,28.09
155,2010-03-16,13.0,20.86,7.36,0.19,641.6,40.0,310.0,40.0,176.0,0.84,5.64,0.89,1.17,6.43,47.98,1.24,22.8,79.23,74.96,1.58,23.0,264.0,3.5,13.59,0.72,0.0139,0.109,0.0035,,0.086,0.497,0.104,0.0013,,0.0264,64.0,0.089,,,0.0,19.0,,,287.0,6.43
156,2010-04-27,1.0,24.3,8.37,3.67,967.0,50.0,300.0,49.0,221.0,1.09,4.54,0.012,1.87,2.34,64.03,10.51,5.25,32.0,84.93,0.67,55.0,576.0,2.5,0.9,2.028,0.0086,0.126,0.0039,,0.063,1.56,0.051,,,0.0124,70.4,0.161,21000.0,21000.0,0.0,24.0,,,631.0,2.352
157,2010-04-27,2.0,21.6,7.38,0.53,970.66,7.0,305.0,55.0,225.0,1.14,4.54,0.876,8.73,9.36,74.47,0.25,4.08,28.0,84.93,1.17,6.0,626.0,2.5,7.0,0.42,0.005,0.126,0.0039,,0.063,0.135,0.079,,,0.0124,77.6,0.074,2400.0,930.0,0.0,27.0,,,632.0,9.36
158,2010-04-27,3.0,22.5,7.28,0.39,1077.0,7.0,325.0,73.0,251.0,1.04,4.54,0.876,2.49,2.92,91.36,0.3,3.13,32.0,84.93,1.36,12.0,732.0,2.5,7.0,0.713,0.0097,0.126,0.0039,,0.063,0.224,0.106,,,0.0124,98.6,0.057,9300.0,9300.0,0.0,29.0,,,744.0,2.92
159,2010-04-27,4.0,20.9,7.43,1.29,1092.0,15.0,350.0,71.0,235.0,1.16,4.54,0.876,3.74,4.68,83.3,0.56,3.57,48.0,28.32,1.96,10.0,720.0,2.5,8.0,0.567,0.0097,0.126,0.0039,,0.063,0.179,0.142,,,0.0124,29.1,0.081,9300.0,93000.0,0.0,30.0,,,730.0,4.68
160,2010-04-27,5.0,26.5,7.68,1.5,1128.0,15.0,370.0,72.0,251.0,1.12,4.54,0.207,20.47,1.75,86.64,0.43,4.76,72.7,84.93,4.73,25.0,747.0,0.1,0.7,0.713,0.0097,0.126,0.0039,,0.063,0.554,0.134,,,0.0124,106.5,0.096,4600.0,2400.0,0.0,31.0,,,772.0,1.957
161,2010-04-27,6.0,22.4,8.27,6.51,1137.0,12.0,345.0,74.0,247.0,1.2,1.85,0.544,1.25,1.17,84.63,0.38,10.86,100.0,84.93,0.99,30.0,743.0,0.2,40.0,0.713,0.0097,0.126,0.0039,,0.063,0.455,0.122,,,0.0124,108.4,0.074,110000.0,110000.0,0.0,31.0,,,773.0,3.564
162,2010-04-27,7.0,20.46,8.15,6.55,1196.5,350.0,357.0,66.0,258.0,1.28,2.09,0.55,20.47,42.12,95.27,10.51,20.88,120.52,66.81,3.81,600.0,667.0,0.6,40.0,5.755,0.0097,0.126,0.003,,0.063,14.13,0.427,,,0.007,194.5,0.151,4600000.0,93000.0,0.0,25.0,,,1267.0,44.76
163,2010-04-27,8.0,24.0,7.77,1.27,1174.0,450.0,357.0,72.0,238.0,1.37,1.39,0.297,12.87,31.59,88.21,10.51,49.3,232.87,8.97,5.42,950.0,654.0,2.5,2.0,20.28,0.0097,0.126,0.0039,,0.051,21.0,0.427,,,0.0124,194.5,0.29,4600000.0,240000.0,0.0,30.0,,,1604.0,33.277
164,2010-04-27,9.0,25.0,7.49,2.85,936.3,10.0,285.0,56.0,183.0,1.06,4.54,0.876,9.94,11.15,64.08,0.27,8.12,32.0,84.93,6.5,30.0,562.0,2.5,40.0,0.713,0.0097,0.126,0.0039,,0.063,0.157,0.427,,,0.0124,194.5,0.134,230.0,4300000.0,0.0,35.0,,,592.0,11.15
165,2010-04-27,10.0,27.5,8.46,11.28,885.6,8.0,250.0,54.0,167.0,1.15,4.54,0.876,4.68,5.26,59.64,0.14,15.18,44.0,84.93,4.53,20.0,550.0,2.5,40.0,0.713,0.0097,0.126,0.0039,,0.063,0.124,0.427,,,0.0124,194.5,0.067,930.0,230.0,0.0,36.0,,,570.0,10.676
166,2010-04-27,11.0,19.2,7.49,0.06,1109.0,80.0,425.0,72.0,237.0,1.15,4.54,0.876,11.86,23.98,77.0,10.51,121.0,366.0,21.9,5.2,180.0,715.0,0.2,14.0,1.151,0.0097,0.126,0.0039,,0.063,1.137,0.166,,,0.0124,106.1,0.098,4300000.0,4300000.0,0.0,16.0,,,895.0,23.98
167,2010-04-27,12.0,23.9,7.41,0.04,1981.0,65.0,585.0,157.0,319.0,1.43,0.25,0.876,4.49,33.93,147.0,9.15,104.0,339.0,15.41,9.02,82.0,1156.0,2.5,40.0,1.005,0.0097,0.126,0.0039,,0.063,0.719,0.427,,,0.0124,194.5,0.088,2300000.0,2300000.0,0.0,31.0,,,1238.0,34.18
168,2010-04-27,13.0,22.0,7.44,0.21,971.3,55.0,335.0,51.0,223.0,1.04,4.54,0.876,1.25,1.75,57.34,1.12,29.2,88.0,23.0,1.82,22.0,605.0,2.5,22.0,0.713,0.0086,0.126,0.0039,,0.063,0.367,0.095,,,0.0124,83.5,0.29,1500000.0,1500000.0,0.0,21.0,,,627.0,1.75
169,2010-05-16,1.0,18.1,7.12,0.47,374.0,374.0,155.0,14.0,111.0,1.29,5.53,0.017,2.34,4.68,15.78,0.56,12.81,52.39,42.06,0.738,21.0,254.0,0.7,0.21,1.358,0.0093,,,,,1.675,0.201,0.0013,,0.0114,13.95,0.153,1100000.0,1100000.0,0.0,19.0,,,275.0,4.697
170,2010-05-16,2.0,16.63,7.08,1.76,594.0,594.0,195.0,33.0,135.0,0.62,0.3,0.926,1.75,3.51,51.52,0.54,4.98,51.98,42.06,1.24,9.0,411.0,0.7,6.5,1.103,0.0059,,,,,0.751,0.15,0.0013,,0.0114,44.0,0.153,15000.0,15000.0,0.0,22.0,,,420.0,3.81
171,2010-05-16,3.0,16.5,7.22,1.39,778.0,778.0,250.0,45.0,168.0,0.75,0.5,0.017,1.75,3.51,71.06,0.23,5.32,104.81,42.06,1.67,14.0,545.0,0.7,0.45,0.975,0.0062,,,,,0.676,0.282,0.0013,,0.0114,66.47,0.074,4600.0,4600.0,0.0,22.0,,,559.0,4.027
172,2010-05-16,4.0,18.3,7.5,0.55,1051.0,1051.0,385.0,59.0,198.0,0.96,5.53,0.026,9.36,18.13,52.93,4.58,35.22,176.59,42.06,4.81,14.0,640.0,0.7,20.01,0.337,0.0093,,,,,0.221,0.326,0.0013,,0.0114,90.1,0.153,11000000.0,11000000.0,0.0,25.0,,,654.0,18.156
173,2010-05-16,5.0,18.3,7.29,0.41,960.6,960.6,310.0,62.0,190.0,0.79,0.46,0.021,5.26,14.04,63.63,2.07,29.64,112.47,42.06,4.37,13.0,579.0,0.7,1.1,0.209,0.0093,,,,,0.191,0.332,0.0013,,0.0114,74.35,0.098,46000.0,46000.0,0.0,23.0,,,592.0,14.521
174,2010-05-16,6.0,18.96,8.02,6.52,895.0,895.0,270.0,53.0,180.0,0.76,5.38,0.655,2.92,8.19,60.47,0.65,13.86,108.04,42.06,3.95,16.0,586.0,0.7,27.8,0.847,0.0093,,,,,0.554,0.251,0.0013,,0.0114,75.52,0.153,46000.0,46000.0,0.0,25.0,,,602.0,14.225
175,2010-05-16,7.0,18.0,7.52,7.26,555.0,555.0,160.0,26.0,111.0,1.16,3.97,0.539,2.34,6.43,44.91,0.91,21.18,104.0,42.06,1.96,49.0,383.0,0.5,27.8,3.4,0.0092,,,,,2.039,0.075,0.0011,,0.0114,42.25,0.058,2400000.0,460000.0,0.0,15.0,,,432.0,10.939
176,2010-05-16,8.0,18.5,7.76,5.87,682.0,682.0,205.0,38.0,148.0,0.87,4.2,0.926,3.51,7.6,55.78,0.89,22.41,104.81,42.06,2.89,58.0,510.0,0.7,27.8,2.124,0.0093,,,,,1.569,0.069,0.0013,,0.0114,52.17,0.086,460000.0,15000.0,0.0,14.0,,,568.0,12.726
177,2010-05-16,9.0,17.8,7.38,4.34,519.0,519.0,175.0,27.0,100.0,0.83,1.56,0.136,5.26,6.43,37.68,0.61,6.73,48.35,42.06,1.51,31.0,345.0,0.7,0.7,4.294,0.0074,,,,,2.32,0.044,0.0013,,0.0114,35.84,0.074,11000.0,11000.0,0.0,24.0,,,376.0,8.126
178,2010-05-16,10.0,19.4,7.66,7.96,496.0,496.0,150.0,25.0,104.0,0.89,5.53,0.916,1.75,3.51,37.85,0.64,15.27,45.93,16.71,1.49,31.0,317.0,0.1,27.8,4.294,0.009,,,,,2.381,0.038,0.0013,,0.0114,37.59,0.153,11000.0,11000.0,0.0,22.0,,,348.0,9.956
179,2010-05-16,11.0,16.73,7.41,0.23,1114.0,1114.0,385.0,59.0,202.0,1.09,5.53,0.012,14.62,26.32,77.24,7.52,113.7,297.17,42.06,5.65,104.0,671.0,0.2,8.0,1.23,0.0093,,,,,0.676,0.332,0.0013,,0.0114,86.02,0.106,46000000.0,46000000.0,0.0,11.0,,,775.0,26.332
180,2010-05-16,12.0,19.83,7.48,0.09,1272.0,1272.0,485.0,74.02,222.0,1.29,0.4,0.926,17.55,32.17,59.18,7.56,141.5,370.57,23.07,7.53,132.0,770.0,0.2,27.8,2.89,0.0069,,,,,1.236,0.32,0.0013,,0.0114,108.19,0.153,15000000.0,15000000.0,0.0,29.0,,,902.0,32.57
181,2010-05-16,13.0,17.26,7.18,0.52,388.3,388.3,160.0,16.16,113.0,1.29,5.53,0.013,1.75,4.68,16.09,0.95,14.13,94.73,42.06,0.93,34.0,253.0,0.7,0.45,1.486,0.0093,,,,,1.615,0.163,0.0013,,0.0114,17.45,0.153,11000000.0,11000000.0,0.0,19.0,,,287.0,4.693
182,2010-05-25,1.0,22.8,8.7,4.76,882.6,50.0,310.0,53.0,219.0,1.06,5.86,3.49,3.88,6.2,69.76,14.7,2.72,36.19,40.05,0.84,51.0,611.0,0.3,1.0,1.156,0.0188,,0.0024,,,1.91,0.047,,,,70.9,0.085,9300.0,9300.0,0.0,22.0,,,662.0,6.2
183,2010-05-25,2.0,23.1,7.63,2.6,1197.0,7.5,420.0,79.0,292.0,1.02,5.86,3.49,3.1,6.2,93.7,0.21,15.24,70.15,40.05,3.01,6.0,795.0,0.3,0.8,1.747,0.0204,,0.0024,,,2.0,0.141,,,,98.2,0.099,430.0,230.0,0.0,35.0,,,801.0,6.2
184,2010-05-25,3.0,22.23,7.35,0.71,1286.0,11.0,405.0,100.0,268.0,1.11,5.86,3.49,2.33,2.32,120.69,0.17,15.42,67.12,40.05,2.16,19.0,87.0,0.3,4.0,1.747,0.0157,,0.0024,,,0.021,0.158,,,,119.7,0.137,930.0,930.0,0.0,32.0,,,106.0,2.32
185,2010-05-25,4.0,24.3,7.43,0.06,1444.0,36.0,555.0,94.0,272.0,1.21,5.86,3.49,0.78,0.77,77.62,14.7,35.62,95.32,16.62,7.17,19.0,930.0,0.3,9.0,1.747,0.0143,,0.0024,,,0.021,0.222,,,,135.4,0.094,110000.0,110000.0,0.0,35.0,,,949.0,0.77
186,2010-05-25,5.0,27.6,7.89,7.09,1469.0,23.0,570.0,97.0,276.0,1.17,5.86,3.49,7.76,20.94,83.05,1.47,26.7,100.45,40.05,7.72,24.0,938.0,0.3,1.5,0.538,0.0204,,0.0024,,,0.312,0.316,,,,134.8,0.11,1100000.0,1100000.0,0.0,34.0,,,962.0,20.94
187,2010-05-25,6.0,26.4,8.2,5.45,1363.0,8.0,465.0,93.0,263.0,1.3,5.86,2.5,5.43,8.53,90.29,0.34,14.28,61.57,40.05,7.16,4.0,917.0,0.3,49.0,0.365,0.0067,,0.0024,,,0.095,0.183,,,,130.4,0.094,43000.0,15000.0,0.0,35.0,,,921.0,16.89
188,2010-05-25,7.0,25.1,7.6,0.0,1493.5,100.0,415.0,124.0,194.0,0.86,5.86,3.49,14.74,31.79,121.12,9.62,198.0,390.5,13.77,7.86,186.0,932.0,0.3,5.4,0.71,0.0056,,0.0024,,,1.507,0.108,,,,102.9,0.132,4300000.0,4300000.0,0.0,25.0,,,1118.0,31.79
189,2010-05-25,8.0,25.8,7.84,3.01,1192.0,70.0,405.0,79.0,184.0,1.49,5.86,0.01,7.76,17.06,91.22,0.45,17.46,83.09,40.05,3.09,117.0,741.0,0.2,1.0,1.747,0.0083,,0.0024,,,2.0,0.164,,,,109.9,0.174,2400000.0,2400000.0,0.0,32.0,,,858.0,17.07
190,2010-05-25,9.0,27.4,7.47,3.31,1124.6,19.0,395.0,77.0,198.0,1.14,5.86,3.49,6.21,14.73,71.13,0.47,10.59,66.52,40.05,3.46,19.0,700.0,0.3,1.2,1.747,0.0085,,0.0024,,,0.368,0.407,,,,98.0,0.156,930.0,430.0,0.0,39.0,,,719.0,14.73
191,2010-05-25,10.0,29.2,8.16,8.15,1044.0,13.0,330.0,76.0,198.0,1.34,2.43,3.49,4.65,10.08,75.76,0.19,48.0,162.39,40.05,3.51,30.0,694.0,0.3,49.0,1.747,0.0107,,0.0024,,,0.193,0.177,,,,93.6,0.08,2400.0,2400.0,0.0,44.0,,,724.0,16.0
192,2010-05-25,11.0,21.1,7.35,0.0,1459.0,250.0,530.0,90.0,257.0,0.55,5.86,3.49,2.33,3.87,73.29,4.37,280.2,506.69,40.05,11.23,241.0,911.0,0.3,22.0,0.667,0.0085,,0.0024,,,0.962,0.168,,,,122.2,0.181,24000000.0,24000000.0,0.0,18.0,,,1152.0,3.87
193,2010-05-25,12.0,23.0,7.53,0.04,1688.0,200.0,630.0,109.0,272.0,1.35,5.86,3.49,1.55,2.32,69.07,5.52,49.8,172.64,13.0,11.81,30.0,1046.0,0.3,49.0,1.747,0.0204,,0.0024,,,0.144,0.216,,,,156.1,0.114,24000000.0,24000000.0,0.0,33.0,,,1076.0,2.32
194,2010-05-25,13.0,23.8,8.16,0.3,933.0,26.0,335.0,54.0,225.0,0.95,5.86,3.49,3.1,3.1,78.11,0.4,12.12,48.26,40.05,1.26,35.0,608.0,0.3,1.9,0.667,0.0141,,0.0024,,,1.011,0.054,,,,78.1,0.098,1100000.0,1100000.0,0.0,27.0,,,643.0,3.1
247,2010-10-26,1.0,19.3,7.26,1.21,479.0,8.9,173.0,28.71,168.0,0.32,4.19,0.457,0.99,3.41,53.41,0.435,13.53,43.71,44.77,0.54,13.0,337.0,0.5,6.4,1.543,,,0.022,0.135,0.133,0.676,1.116,0.0012,0.106,,28.4,0.103,460000.0,93000.0,1.0,18.0,,,350.0,3.41
248,2010-10-26,2.0,19.1,6.83,1.35,416.0,2.6,173.0,23.92,131.0,0.27,4.19,0.457,12.83,1.36,26.51,0.348,2.82,31.26,44.77,5.2,6.0,304.0,0.5,1.0,1.543,,,0.022,0.135,0.133,0.264,0.094,0.0012,0.106,,31.9,0.028,930.0,430.0,1.0,21.0,,,310.0,1.36
249,2010-10-26,3.0,24.2,7.91,10.63,616.0,29.0,217.0,49.0,157.0,0.42,4.19,0.457,12.83,4.1,53.35,0.209,9.15,43.71,21.89,0.98,38.0,445.0,0.5,0.8,1.543,,,0.022,0.056,0.133,1.524,0.137,0.0012,0.106,,59.0,0.074,230.0,40.0,1.0,27.0,,,483.0,4.1
250,2010-10-26,4.0,21.4,7.83,0.43,1199.0,85.0,462.0,81.8,249.0,1.21,4.19,0.014,3.95,17.07,59.91,7.32,30.54,127.11,5.1,1.93,18.0,755.0,0.5,2.2,1.543,,,0.022,0.135,0.133,0.303,0.441,0.0012,0.106,,121.0,0.04,43000.0,15000.0,0.0,29.0,,,773.0,17.084
251,2010-10-26,5.0,28.7,7.78,2.23,986.0,12.0,382.0,66.0,206.0,1.01,4.19,0.457,2.3,14.34,65.4,1.289,13.62,203.21,44.77,1.32,14.0,659.0,0.5,1.6,1.543,,,0.022,0.135,0.133,0.36,0.433,0.0012,0.106,,99.1,0.034,240000.0,240000.0,1.0,32.0,,,673.0,14.34
252,2010-10-26,6.0,21.9,8.1,6.15,783.0,6.3,219.0,55.0,25.0,0.72,4.19,0.457,1.97,9.54,63.27,0.587,15.72,69.74,44.77,3.71,8.0,545.0,0.5,6.4,1.543,,,0.022,0.135,0.133,0.398,0.18,0.0012,0.106,,80.1,0.143,240000.0,15000.0,0.0,30.0,,,553.0,14.187
253,2010-10-26,7.0,21.7,7.49,0.05,1215.0,120.0,368.0,107.67,178.0,1.03,0.32,0.457,12.83,38.82,89.21,9.22,240.0,469.0,44.77,4.99,155.0,806.0,0.5,2.4,1.436,,,0.022,0.135,0.133,1.064,0.134,0.0012,0.106,,121.718,0.414,24000000.0,24000000.0,0.0,16.0,,,961.0,0.32
254,2010-10-26,8.0,21.0,7.52,2.61,912.0,35.0,378.0,70.82,163.0,1.18,4.19,0.012,4.52,12.73,76.43,3.33,52.2,124.38,7.52,4.15,34.0,639.0,0.5,1.0,0.634,,,0.0195,0.063,0.133,0.528,0.143,0.00069,0.106,,93.126,0.154,4600000.0,4600000.0,0.0,20.0,,,673.0,12.742
255,2010-10-26,9.0,26.5,7.63,3.54,537.0,4.7,206.0,34.0,129.0,0.79,4.19,0.018,1.98,3.68,38.19,0.74,6.24,35.65,44.77,1.67,3.0,377.0,0.5,6.4,1.543,,,0.022,0.135,0.133,0.398,0.239,0.0012,0.106,,48.408,0.014,230.0,40.0,0.0,28.0,,,380.0,3.698
256,2010-10-26,10.0,27.6,8.64,10.1,471.0,2.6,159.0,31.0,104.0,0.76,3.21,0.03,12.83,38.82,40.48,0.24,2.82,28.33,5.46,1.32,1.0,367.0,0.5,0.2,1.543,,,0.022,0.135,0.133,0.188,0.024,0.0012,0.106,,42.575,0.023,230.0,90.0,0.0,33.0,,,368.0,3.24
257,2010-10-26,11.0,24.5,7.58,0.0,1281.0,26.0,481.0,175.15,235.0,2.77,4.19,0.044,11.84,29.61,125.21,5.16,90.0,287.5,8.26,5.2,30.0,1042.0,0.5,4.2,0.58,,,0.022,0.135,0.133,1.208,0.543,0.0012,0.106,,198.5,0.236,11000000.0,280000.0,1.0,30.0,,,1072.0,29.654
258,2010-10-26,12.0,22.7,8.08,0.02,1605.0,28.0,499.0,82.31,278.0,1.04,4.19,0.457,12.83,38.82,77.86,10.21,146.1,284.7,27.25,2.7,115.0,796.0,0.5,1.0,1.543,,,0.022,0.135,0.133,0.446,0.336,0.0012,0.106,,120.1,0.109,24000000.0,9300000.0,1.0,29.0,,,911.0,38.82
259,2010-10-26,13.0,19.3,7.01,1.35,329.0,8.5,151.0,14.3,118.0,2.77,4.19,0.457,0.66,3.95,13.6,0.576,10.23,36.39,44.77,0.56,26.0,234.0,0.5,1.0,1.543,,,0.022,0.135,0.133,0.571,0.406,0.0012,0.106,,20.6,0.068,9300000.0,2400000.0,1.0,18.0,,,260.0,3.95
260,2010-11-17,1.0,15.4,6.97,0.67,792.0,19.0,264.0,62.0,229.0,0.8027,3.17,0.98,1.32,4.28,81.41,0.291,21.24,81.063,8.0,1.42,9.0,572.0,0.5,3.8,0.077,0.014,,,0.224,,0.164,0.111,0.0008,,,69.7,0.122,93000.0,23000.0,0.0,5.0,,,581.0,4.28
261,2010-11-17,2.0,13.6,6.9,2.42,602.0,5.5,237.0,41.0,192.0,0.6058,3.17,0.98,15.46,1.64,50.75,0.189,1.47,18.09,13.26,0.99,17.0,429.0,0.5,9.0,0.2122,0.014,,,0.224,,0.367,0.101,0.00094,,,55.4,0.122,2400.0,230.0,0.0,7.0,,,446.0,1.64
262,2010-11-17,3.0,15.0,7.47,5.89,707.0,16.0,276.0,57.0,188.0,0.6221,0.27,0.98,15.46,2.63,60.73,0.22,7.74,58.818,8.0,1.23,31.0,514.0,0.5,0.4,0.5173,0.014,,,0.224,,0.495,0.091,0.00061,,,80.9,0.122,24000.0,9300.0,1.0,11.5,,,545.0,2.9
263,2010-11-17,4.0,15.8,7.6,0.65,1235.0,55.0,516.0,90.0,235.0,1.212,0.25,0.98,4.93,24.35,75.6,4.88,40.44,116.97,7.37,6.86,13.0,833.0,0.5,9.0,0.1048,0.014,,,0.224,,0.202,0.396,0.00091,,,131.0,0.122,4600000.0,1500000.0,0.0,18.0,,,846.0,24.6
264,2010-11-17,5.0,17.4,7.71,0.94,1122.0,7.4,470.0,83.0,235.0,0.8542,0.84,0.98,15.46,21.38,50.27,0.495,11.77,121.26,38.03,5.71,25.0,744.0,0.5,9.0,0.11,0.014,,,0.224,,0.196,0.387,0.00099,,,124.9,0.122,930000.0,90000.0,0.0,22.0,,,769.0,23.2
265,2010-11-17,6.0,18.0,8.21,8.04,1154.0,5.4,376.0,83.0,225.0,1.1069,3.17,0.56,15.46,13.49,71.38,0.417,18.84,49.061,38.03,4.42,13.0,762.0,0.5,9.0,0.0735,0.014,,,0.224,,0.164,0.185,0.00103,,,120.0,0.122,43000.0,43000.0,0.0,27.5,,,775.0,17.22
266,2010-11-17,7.0,15.4,7.8,7.52,861.0,20.0,307.0,60.0,178.0,0.9791,1.82,0.491,4.61,14.48,60.94,1.53,28.2,99.405,38.03,4.37,54.0,580.0,0.5,4.76,0.3581,0.0087,,,0.224,,0.351,0.244,0.00059,,,89.1,0.122,930000.0,930000.0,1.0,14.5,,,634.0,16.791
267,2010-11-17,8.0,19.5,7.58,2.15,955.0,35.0,324.0,74.0,167.0,1.2332,3.17,0.051,15.46,23.34,75.567,5.42,55.44,164.97,38.03,3.32,53.0,653.0,0.1,9.0,0.5629,0.014,,,0.224,,0.5,0.17,0.00069,,,108.6,0.109,11000000.0,150000.0,0.0,21.3,,,706.0,23.391
268,2010-11-17,9.0,23.2,7.52,3.05,564.0,11.0,196.0,38.0,119.0,0.6778,1.4,0.98,1.97,8.55,43.01,1.06,6.66,27.14,38.03,1.68,13.0,384.0,0.5,9.0,0.049,0.0054,,,0.224,,0.148,0.15,0.00104,,,56.5,0.122,4300.0,4300.0,0.0,25.6,,,397.0,9.95
269,2010-11-17,10.0,24.5,8.16,8.38,518.0,9.0,163.0,35.0,114.0,0.6969,3.15,0.591,0.99,5.26,34.2,0.167,4.66,24.88,38.03,1.53,25.0,386.0,0.5,9.0,0.1348,0.0117,,,0.224,,0.212,0.155,0.00146,,,53.1,0.122,2400.0,2400.0,0.0,30.0,,,411.0,9.001
270,2010-11-17,11.0,15.4,7.46,0.8,1434.0,170.0,529.0,103.0,257.0,1.3115,0.4,0.98,1.32,45.4,101.96,10.77,287.4,457.27,38.03,5.33,124.0,935.0,0.3,4.0,2.8743,0.014,,,0.224,,0.41,0.254,0.00146,,,154.1,0.122,46000000.0,46000000.0,1.0,7.0,,,1059.0,45.8
271,2010-11-17,12.0,15.6,7.6,0.16,1385.0,80.0,645.0,102.0,278.0,1.4357,3.17,0.026,15.46,35.2,64.67,5.77,74.2,131.02,8.24,4.77,22.0,944.0,0.1,8.0,0.2736,0.014,,,0.224,,0.287,0.48,0.00128,,,148.3,0.122,430000.0,90000.0,1.0,20.0,,,966.0,35.226
272,2010-11-17,13.0,16.1,7.14,0.27,565.0,13.0,252.0,33.0,157.0,0.8345,3.17,0.98,4.28,15.46,48.09,0.899,49.4,69.745,38.03,0.32,2.0,417.0,0.5,8.2,0.0637,0.014,,,0.224,,0.298,0.17,0.00104,,,52.0,0.122,2400000.0,150000.0,1.0,5.8,,,419.0,15.46
273,2011-03-01,1.0,21.8,8.22,3.01,825.6,60.0,308.9,46.9,216.21,1.0,0.29,0.68,33.41,3.02,74.32,16.3,4.5,38.65,14.61,0.9,47.0,598.0,3.0,0.39,2.5677,0.0192,0.1505,0.00127,,,1.682,0.074,0.00069,0.13,0.024,70.29,0.148,21000.0,7500.0,1.0,21.5,,,645.0,3.31
274,2011-03-01,2.0,20.7,7.28,0.87,879.0,3.4,326.24,51.59,223.33,1.05,1.8,0.68,33.41,2.06,89.31,0.255,234.5,32.34,14.61,1.09,1.0,551.0,3.0,34.93,0.2468,0.013,0.1155,0.00127,,,0.197,0.143,0.00137,0.13,0.0117,73.24,0.148,9300.0,9300.0,0.0,29.2,,,552.0,2.06
275,2011-03-01,3.0,22.7,7.28,2.3,1145.0,3.2,353.0,89.87,263.29,1.0,0.52,0.08,33.41,3.02,136.89,0.259,234.5,37.86,14.61,1.27,5.0,761.0,3.0,34.93,0.1862,0.0119,0.0989,0.00127,,,0.104,0.159,0.00137,0.13,0.024,117.98,0.148,2400.0,2400.0,1.0,30.4,,,766.0,3.62
276,2011-03-01,4.0,20.5,7.55,0.0,1304.0,95.0,514.14,90.35,273.78,1.03,0.17,0.68,14.17,20.47,116.81,3.616,38.62,66.81,7.01,4.79,7.0,864.0,3.0,20.99,0.3386,0.0105,0.0725,0.00127,,,0.148,0.273,0.00137,0.13,0.0119,126.05,0.148,240000.0,240000.0,1.0,31.4,,,871.0,20.64
277,2011-03-01,5.0,20.6,7.6,2.31,1247.0,5.5,427.4,88.44,273.78,1.03,0.42,0.04,9.65,15.66,114.58,1.99,8.61,58.37,14.61,3.61,14.0,834.0,3.0,34.93,0.3038,0.0112,0.0781,0.00127,,,0.173,0.216,0.00108,0.13,0.024,104.58,0.148,43000.0,43000.0,1.0,31.7,,,848.0,16.12
278,2011-03-01,6.0,21.9,8.1,7.38,1246.0,5.4,439.52,91.55,263.1,1.22,1.68,0.68,9.34,14.91,112.92,0.61,9.09,60.73,5.04,4.48,16.0,833.0,3.0,34.93,0.1148,0.0114,0.073,0.00127,,,0.12,0.219,0.00137,0.13,0.0067,104.36,0.148,21000.0,21000.0,0.0,30.6,,,849.0,17.27
279,2011-03-01,7.0,19.8,8.7,5.6,1186.0,60.0,386.85,87.14,230.46,1.16,1.8,0.54,10.46,18.62,123.93,2.23,34.08,92.79,14.61,3.68,147.0,725.0,0.4,34.93,2.2816,0.01111,0.3093,0.00127,,,2.424,0.538,0.00061,0.13,0.017,115.45,0.089,2400000.0,2400000.0,0.0,23.46,,,872.0,20.96
280,2011-03-01,8.0,23.4,7.73,2.84,1223.0,170.0,405.25,97.1,232.04,1.08,0.42,0.05,17.82,23.57,123.54,2.7,54.0,154.33,14.61,3.84,378.0,664.0,3.0,0.39,12.0924,0.0113,0.2722,0.00127,,,5.871,1.07,0.00067,0.13,0.024,119.53,0.148,210000.0,210000.0,0.0,32.93,,,1042.0,24.04
281,2011-03-01,9.0,22.2,7.31,3.132,808.6,23.0,278.59,54.41,156.27,0.92,0.5,0.68,7.73,11.94,69.23,0.78,9.6,33.74,6.29,3.02,11.0,540.0,3.0,0.79,0.8457,0.0081,0.2077,0.00127,,,0.194,0.243,0.00056,0.13,0.024,78.91,0.148,230.0,90.0,0.0,33.7,,,551.0,12.44
282,2011-03-01,10.0,24.5,7.76,6.4,744.0,4.0,321.25,52.21,149.15,0.93,0.61,0.62,3.89,8.41,71.47,0.3,22.74,32.16,7.04,0.98,13.0,495.0,3.0,34.93,0.7534,0.0114,0.3804,0.00127,,,0.077,1.07,0.00137,0.13,0.024,71.51,0.148,1500.0,1500.0,0.0,36.1,,,508.0,9.64
283,2011-03-01,11.0,26.4,7.43,0.0,1672.0,36.0,596.9,148.93,293.16,1.27,0.29,0.68,33.41,48.64,116.34,13.1,234.5,412.52,5.04,7.22,148.0,1042.0,0.2,29.41,0.8389,0.0084,0.0721,0.00127,,,0.314,0.254,0.00137,0.13,0.0034,128.2,0.148,2100000.0,1500000.0,1.0,33.0,,,1190.0,48.93
284,2011-03-01,12.0,23.3,7.6,0.0,1569.0,120.0,666.71,104.71,266.26,0.2,0.26,0.68,32.61,43.18,87.0,16.3,114.6,203.9,14.03,8.51,61.82,1040.0,3.0,34.93,1.0229,0.0082,0.0672,0.00127,,,0.338,0.317,0.00056,0.13,0.0075,132.52,0.148,240000.0,240000.0,1.0,32.1,,,1101.82,43.44
285,2011-03-01,13.0,22.5,7.9,0.23,840.0,29.0,321.23,48.52,219.18,1.08,0.14,0.68,33.41,2.1,74.32,0.33,5.62,39.44,14.61,0.92,35.0,185.0,3.0,0.99,0.7533,0.0167,0.1207,0.00127,,,0.641,0.074,0.00137,0.13,0.024,65.75,0.148,150000.0,150000.0,1.0,23.7,,,220.0,2.24
286,2011-04-05,1.0,24.1,8.58,5.22,873.0,65.0,312.79,51.38,222.55,1.16,0.21,0.84,1.85,2.23,84.54,13.16,260.5,41.96,35.35,0.81,774.0,588.0,0.4,0.39,4.7995,0.0115,0.0165,0.01067,,0.082,1.209,0.056,0.00129,0.101,0.0043,87.62,0.032,9300.0,9300.0,0.0,25.1,,,1362.0,2.44
287,2011-04-05,2.0,22.0,7.32,1.7,917.6,4.9,327.92,56.98,224.72,1.12,0.13,0.84,2.54,2.91,79.02,0.174,260.5,28.06,35.35,1.12,15.0,613.0,0.4,3.55,0.0715,0.0082,0.0254,0.01067,,0.082,0.113,0.139,0.00095,0.101,0.0079,94.34,0.023,4300.0,4300.0,0.0,27.5,,,628.0,3.04
288,2011-04-05,3.0,22.3,7.39,2.3,1096.0,4.3,343.06,78.1,244.31,1.28,0.2,0.84,1.85,2.1,125.58,0.2,260.5,42.74,35.35,1.29,31.0,738.0,0.4,1.97,0.0996,0.0091,0.0168,0.01067,,0.082,0.131,0.143,0.00151,0.101,0.0079,124.74,0.023,930.0,930.0,1.0,31.0,,,769.0,2.3
289,2011-04-05,4.0,22.2,7.53,3.54,1111.0,4.6,368.28,74.57,246.88,1.17,0.17,0.84,4.21,6.06,116.82,1.2,6.02,48.92,35.35,2.13,13.0,723.0,0.4,1.97,0.1588,0.0088,0.0242,0.01067,,0.082,0.113,0.172,0.00151,0.101,0.0079,123.44,0.032,210000.0,210000.0,0.0,31.1,,,736.0,6.23
290,2011-04-05,5.0,23.0,7.81,3.0,1100.0,4.3,353.15,78.3,242.33,1.29,0.47,0.43,4.45,5.38,118.75,0.29,12.67,67.21,35.35,2.11,20.0,746.0,0.4,1.38,0.2408,0.0078,0.0237,0.01067,,0.082,0.104,0.117,0.00151,0.101,0.0045,122.26,0.038,75000.0,43000.0,0.0,33.8,,,766.0,6.28
291,2011-04-05,6.0,23.4,8.42,8.4,1118.0,8.4,353.15,80.97,249.43,1.16,2.2,0.32,1.98,5.35,120.28,0.24,13.27,57.46,35.35,2.11,2.0,779.0,0.4,0.99,0.1769,0.0076,0.0162,0.01067,,0.082,0.237,0.133,0.00151,0.101,0.0079,126.86,0.032,2400.0,2400.0,0.0,33.2,,,781.0,7.87
292,2011-04-05,7.0,23.1,7.64,0.14,1417.0,110.0,414.05,121.7,212.85,1.45,0.5,0.84,25.75,43.34,92.08,4.7,229.5,514.4,35.35,9.8,237.5,744.5,0.4,8.29,1.7058,0.0032,0.013,0.01067,,0.082,0.552,0.104,0.00138,0.101,0.0079,159.62,0.21,240000.0,240000.0,1.0,23.9,,,982.0,43.84
293,2011-04-05,8.0,25.7,7.79,2.24,1287.0,50.0,413.69,100.93,222.94,1.13,0.25,0.84,15.9,28.74,116.98,1.75,55.44,227.84,6.38,6.31,93.0,791.0,0.4,3.35,1.9342,0.0094,0.0117,0.00275,,0.082,0.891,0.204,0.00103,0.101,0.005,143.71,0.127,240000.0,240000.0,1.0,34.4,,,884.0,28.99
294,2011-04-05,9.0,23.8,7.67,3.99,951.0,50.0,322.88,64.56,178.43,1.17,0.2,0.02,10.08,18.47,68.78,0.8,20.7,87.87,35.35,4.47,16.0,573.0,0.4,2.56,0.2221,0.0047,0.0164,0.01067,,0.082,0.104,0.297,0.00151,0.101,0.0079,99.76,0.029,930.0,930.0,0.0,37.4,,,589.0,18.69
295,2011-04-05,10.0,26.6,8.18,9.33,863.0,6.4,267.38,60.11,167.75,1.18,2.8,0.84,4.45,11.48,72.98,0.186,9.78,38.1,35.35,4.2,38.0,536.0,0.4,1.58,1.7184,0.0059,0.0124,0.01067,,0.082,0.095,0.086,0.00151,0.101,0.0079,93.04,0.021,43000.0,23000.0,0.0,37.4,,,574.0,15.12
296,2011-04-05,11.0,27.4,7.4,0.04,1576.0,75.0,590.26,114.05,272.59,1.43,0.26,0.84,22.89,44.15,77.81,13.16,260.5,490.23,24.74,10.77,317.0,776.0,0.2,38.09,2.0434,0.0066,0.0139,0.01067,,0.082,0.603,0.262,0.00151,0.101,0.0051,160.91,0.129,1500000.0,1500000.0,1.0,35.3,,,1093.0,44.41
297,2011-04-05,12.0,24.1,8.01,0.01,1978.0,110.0,106.3,178.77,297.49,1.89,0.25,0.84,23.57,45.2,123.02,12.74,74.5,218.48,35.35,11.93,63.0,1196.0,0.4,22.56,1.2294,0.0073,0.0133,0.01067,,0.082,0.301,0.465,0.00151,0.101,0.0079,200.9,0.043,930000.0,930000.0,1.0,31.3,,,1259.0,45.45
298,2011-04-05,13.0,23.8,8.12,1.84,885.0,40.0,317.83,51.86,211.25,1.2,0.17,0.84,1.79,4.11,86.06,13.16,260.5,43.51,35.35,0.83,45.0,598.0,0.4,2.17,2.3274,0.0014,0.0138,0.01067,,0.082,1.404,0.465,0.00151,0.101,0.0079,92.22,0.086,43000.0,43000.0,0.0,22.2,,,643.0,4.28
299,2011-05-03,1.0,25.5,7.82,0.58,917.6,30.0,348.1,53.65,229.27,0.99,0.25,0.01,1.67,4.08,78.86,0.43,6.7,56.68,64.04,1.98,40.0,604.0,10.3,3.75,1.906,0.014,0.0124,0.01215,0.224,0.101,0.937,0.085,0.00376,,0.0042,90.45,0.038,1100000.0,9000.0,1.0,32.0,,,644.0,7.3
300,2011-05-03,2.0,22.6,7.22,0.73,987.0,11.0,373.33,68.1,239.36,0.95,0.23,1.164,1.67,3.96,86.49,0.32,7.72,37.9,64.04,1.18,30.0,626.0,10.3,5.72,0.6024,0.0131,0.181,0.01215,0.224,0.101,0.154,0.11,0.00376,,0.0208,107.53,0.07,24000.0,9300.0,1.0,34.3,,,656.0,3.698
301,2011-05-03,3.0,24.1,7.33,0.94,1028.0,8.9,438.9,77.96,237.98,1.17,0.23,0.01,2.66,4.64,85.22,0.21,295.5,56.22,64.04,1.41,63.0,680.0,1.5,5.52,6.6325,0.0107,0.143,0.01215,0.224,0.101,0.314,0.152,0.00376,,0.0208,122.62,0.736,2400.0,430.0,1.0,36.3,,,743.0,2.66
302,2011-05-03,4.0,24.3,7.7,0.0,1170.0,55.0,438.9,83.32,259.34,1.27,0.28,0.24,6.9,13.12,75.22,3.24,17.06,78.91,64.04,3.99,22.0,758.0,10.3,0.79,2.2622,0.0124,0.0143,0.01215,0.224,0.101,0.173,0.204,0.00376,,0.0208,136.76,0.736,1100000.0,210000.0,1.0,35.1,,,780.0,23.674
303,2011-05-03,5.0,23.8,7.8,1.03,1176.0,130.0,423.78,83.56,252.02,1.25,0.53,0.11,6.68,13.3,87.41,0.91,25.26,94.11,64.04,4.56,424.0,746.0,5.4,3.16,9.4219,0.013,0.0123,0.01215,0.224,0.101,2.227,0.3,0.00376,,0.0029,130.16,0.054,93000.0,43000.0,1.0,34.6,,,1170.0,12.31
304,2011-05-03,6.0,25.7,8.43,5.77,1174.0,8.9,423.78,83.75,254.4,1.33,0.49,0.59,3.71,10.64,89.62,0.81,13.86,56.68,64.04,4.43,31.0,771.0,10.3,6.71,3.2521,0.0113,0.0135,0.01215,0.224,0.101,0.25,0.178,0.00376,,0.0208,143.36,0.032,93000.0,43000.0,1.0,33.4,,,802.0,19.033
305,2011-05-03,7.0,22.5,7.12,0.0,848.0,160.0,237.11,62.84,185.36,1.12,0.43,1.164,15.1,28.9,104.1,11.85,150.0,462.55,41.53,4.18,285.0,608.0,1.2,3.95,1.4006,0.0092,0.0237,0.01124,0.079,0.101,2.334,0.237,0.00272,,0.0115,69.0,0.296,11000000.0,4600000.0,1.0,25.5,,,893.0,27.53
306,2011-05-03,8.0,25.5,7.58,0.0,1124.0,500.0,373.33,76.24,250.64,1.56,0.71,1.164,23.7,46.59,95.25,10.92,295.5,733.51,64.04,11.4,110.0,1974.0,10.3,6.71,6.1199,0.0164,0.0231,0.01215,0.224,0.101,6.077,0.478,0.00376,,0.0208,106.63,0.736,4600000.0,2400000.0,1.0,32.0,,,2084.0,23.846
307,2011-05-03,9.0,25.7,7.58,2.93,1143.0,33.0,383.42,82.07,202.76,1.31,0.19,1.164,12.75,23.58,89.56,0.44,21.9,113.99,64.04,4.82,17.0,690.0,10.3,1.97,0.0909,0.0125,0.0252,0.01215,0.224,0.101,0.21,0.359,0.00376,,0.0208,109.38,0.029,930.0,430.0,0.0,35.3,,,707.0,8.17
308,2011-05-03,10.0,28.0,8.02,5.63,1056.0,9.2,317.83,79.83,195.64,1.33,4.22,1.164,4.83,12.5,93.88,0.21,14.46,69.55,5.61,4.2,13.0,686.0,10.3,6.71,0.0391,0.0143,0.0225,0.01215,0.224,0.101,0.085,0.079,0.00376,,0.0208,105.59,0.061,9300.0,4300.0,0.0,33.0,,,699.0,7.011
309,2011-05-03,11.0,23.1,7.52,0.0,1541.0,130.0,544.86,112.27,258.95,1.72,1.47,0.0132,26.79,53.71,88.8,21.1,268.5,519.47,29.67,10.19,174.0,981.0,0.7,6.12,6.5723,0.0104,0.0124,0.01215,0.224,0.056,1.152,0.21,0.00376,,0.0034,161.03,0.151,11000000.0,930000.0,1.0,26.2,,,1155.0,57.511
310,2011-05-03,12.0,25.8,7.67,0.0,1565.0,80.0,630.62,106.91,277.74,1.57,0.66,0.0108,22.03,42.51,67.28,12.15,117.33,264.49,5.87,9.21,58.0,1015.0,0.2,2.17,5.0239,0.0106,0.0122,0.01215,0.08,0.101,0.712,0.368,0.00376,,0.0208,166.59,0.054,2100000.0,40000.0,1.0,33.2,,,1073.0,44.53
311,2011-05-03,13.0,24.8,7.66,2.57,927.0,15.0,338.01,53.55,257.96,1.09,0.25,1.164,2.78,4.52,76.14,0.51,5.38,40.19,64.04,1.16,20.0,624.0,10.3,1.78,1.8137,0.0194,0.016,0.01215,0.224,0.101,0.548,0.062,0.00376,,0.0208,97.99,0.736,930000.0,230000.0,1.0,29.4,,,644.0,7.4
364,2011-11-15,1.0,18.4,7.06,1.38,731.0,36.0,298.78,39.93,193.42,1.59,1.1,0.695,8.4,21.83,32.81,2.3,53.64,104.74,22.0,1.23,26.0,473.0,0.3,24.01,0.02651,0.0033,0.0111,0.10346,0.112,,0.3,0.217,0.00052,0.244,,,0.026,430000.0,230000.0,1.0,24.7,,,499.0,16.133
365,2011-11-15,2.0,17.0,7.14,2.43,1234.0,3.4,433.67,96.14,331.873,0.81,0.62,0.695,28.72,56.83,110.81,0.25,3.84,37.03,22.0,3.91,18.0,787.0,0.3,4.49,0.2309,0.0041,0.0976,0.10346,0.112,,0.054,0.212,0.00066,0.244,,,0.053,4600.0,4600.0,0.0,29.9,,,805.0,11.218
366,2011-11-15,3.0,17.0,6.98,2.32,1058.0,4.0,321.69,79.76,246.41,0.66,0.24,0.695,28.72,56.83,116.94,11.94,3.39,35.58,22.0,2.14,8.0,713.0,0.3,6.78,0.233,0.0035,0.0704,0.10346,0.112,,0.088,0.248,0.0007,0.244,,,0.037,430.0,230.0,1.0,28.5,,,721.0,11.764
367,2011-11-15,4.0,19.7,7.69,1.76,1427.0,80.0,551.25,101.15,273.9,1.31,0.2,0.695,10.95,25.83,67.24,7.62,46.8,125.67,22.0,6.15,20.0,869.0,0.3,27.03,0.3705,0.0038,0.0117,0.10346,0.112,,0.108,0.248,0.00079,0.244,,,0.092,2400000.0,230000.0,1.0,31.1,,,889.0,47.643
368,2011-11-15,5.0,21.5,7.73,3.02,1387.0,10.0,539.54,93.1,257.56,1.21,2.48,0.19,17.08,35.13,72.93,3.23,14.7,79.63,22.0,6.58,10.0,816.0,0.3,43.9,0.8049,0.0071,0.0577,0.10346,0.067,,0.233,0.352,0.00087,0.244,,,0.218,2400000.0,930000.0,1.0,29.7,,,826.0,34.729
369,2011-11-15,6.0,18.5,8.06,5.44,1309.0,8.0,456.06,93.56,253.78,1.19,7.5,0.695,10.06,22.18,70.69,0.39,17.85,72.01,22.0,6.17,9.0,816.0,0.3,43.9,0.5974,0.0071,0.0432,0.10346,0.112,,0.213,0.131,0.00083,0.244,,,0.079,2400000.0,930000.0,0.0,26.7,,,825.0,42.88
370,2011-11-15,7.0,21.9,7.39,0.51,1415.0,76.0,335.94,113.53,216.73,1.23,1.0,0.695,21.97,46.49,123.25,9.65,160.8,336.47,17.97,6.04,91.0,874.0,0.3,1.17,1.5665,0.0071,0.0474,0.10346,0.112,,0.633,0.165,0.00118,0.244,,,0.222,93000000.0,43000000.0,1.0,19.8,,,965.0,38.799
371,2011-11-15,8.0,23.0,8.01,2.62,1150.0,48.0,432.65,82.34,231.27,1.59,0.69,0.316,17.56,36.4,90.9,0.74,66.28,161.71,22.0,5.47,102.0,774.0,0.2,43.9,1.8635,0.0071,0.0642,0.02122,0.112,,1.242,0.266,0.00112,0.244,,,0.136,930000.0,930000.0,0.0,28.3,,,876.0,47.757
372,2011-11-15,9.0,27.1,8.59,7.71,1596.0,80.0,646.43,117.76,331.873,1.59,7.5,0.695,28.72,56.83,123.25,11.94,218.14,386.32,22.0,8.05,117.0,923.0,0.3,43.9,1.8635,0.0071,0.0976,0.10346,0.112,,1.242,0.352,0.00118,0.244,,,0.222,93000000.0,43000000.0,0.0,31.1,,,994.0,21.16
373,2011-11-15,10.0,27.1,8.59,7.71,396.0,7.8,159.32,17.99,107.56,1.07,0.17,0.695,28.72,56.83,22.18,11.94,1.84,34.12,22.0,0.9,10.0,335.0,0.3,43.9,0.5366,0.0071,0.0976,0.10346,0.112,,0.167,0.067,0.00111,0.244,,,0.094,40.0,40.0,0.0,30.2,,,345.0,20.077
374,2011-11-15,11.0,24.1,7.37,0.0,1508.0,65.0,509.0,117.76,256.97,1.38,0.81,0.695,24.45,50.56,106.99,11.94,218.14,386.32,22.0,6.29,117.0,109.0,0.3,33.12,1.0892,0.0071,0.0629,0.10346,0.112,,0.467,0.295,0.00109,0.166,,,0.125,93000000.0,43000000.0,1.0,28.2,,,226.0,100.531
375,2011-11-15,12.0,23.0,7.78,0.51,1596.0,50.0,646.43,106.03,308.36,1.58,0.99,0.011,28.72,56.83,66.1,11.79,113.4,251.24,10.75,8.05,71.0,923.0,0.1,43.9,0.09498,0.0071,0.0288,0.10346,0.112,,0.55,0.264,0.00097,0.145,,,0.152,7000000.0,4000000.0,1.0,28.7,,,994.0,98.176
376,2011-11-15,13.0,19.1,7.0,1.71,796.0,80.0,336.96,42.6,182.47,0.52,0.37,0.011,12.88,30.65,25.17,3.36,80.0,148.5,22.0,2.01,46.0,503.0,0.3,20.0,0.2829,0.0037,0.03666,0.10346,0.112,,0.313,0.227,0.00118,0.244,,,0.059,4600000.0,430000.0,1.0,23.6,,,549.0,16.479
377,2012-01-24,1.0,18.4,8.71,6.5,1172.0,45.0,354.66,57.18,239.51,1.44,4.64,0.45,22.39,2.89,82.61,11.44,141.6,34.35,19.25,0.71,55.0,658.0,1.5,0.58,3.2299,0.0083,0.1493,0.02378,0.76,,2.226,0.056,0.00068,,0.014,92.77,0.074,4300.0,4300.0,1.0,,,,713.0,42.32
378,2012-01-24,2.0,16.3,7.41,2.17,1315.0,7.7,372.17,66.34,268.32,1.34,4.64,0.45,22.39,4.2,98.57,0.19,141.6,39.26,19.25,1.6,87.0,705.0,1.5,6.25,0.1528,0.0068,0.177,0.02378,0.76,,0.062,0.151,0.00068,,0.014,97.17,0.08,15000.0,15000.0,0.0,,,,705.0,19.834
379,2012-01-24,3.0,16.1,7.55,5.02,1328.0,1.4,367.31,71.88,270.28,1.28,4.64,0.45,22.39,3.1,102.03,11.44,141.6,41.37,19.25,1.68,87.0,750.0,1.5,0.58,0.2134,0.0063,0.1438,0.02378,0.76,,0.058,0.301,0.00072,,0.014,102.58,0.074,930.0,930.0,1.0,,,,750.0,24.214
380,2012-01-24,4.0,16.7,7.678,2.81,1933.0,11.0,506.93,118.02,277.73,1.53,4.64,0.45,10.33,23.83,157.81,3.06,15.96,81.91,19.25,5.82,25.0,983.0,1.5,5.86,0.3718,0.0057,0.1185,0.02378,0.76,,0.129,0.245,0.00081,,0.014,150.14,0.065,430000.0,230000.0,0.0,,,,1008.0,71.972
381,2012-01-24,5.0,23.8,7.92,3.45,1981.0,5.3,502.55,123.85,313.21,1.3,0.43,0.17,11.71,26.24,149.54,0.49,9.93,72.78,19.25,5.58,87.0,1031.0,1.5,0.58,0.7886,0.006,0.1078,0.00119,0.76,,0.168,0.164,0.00101,,0.014,154.37,0.041,93000.0,43000.0,1.0,,,,1031.0,75.873
382,2012-01-24,6.0,18.2,8.2,9.11,1915.0,4.5,482.12,123.9,312.03,1.42,4.64,0.45,10.06,23.14,156.49,0.41,26.28,85.33,19.25,6.4,87.0,1024.0,1.5,17.22,0.3106,0.006,0.1037,0.02378,0.76,,0.163,0.175,0.0008,,0.014,163.17,0.199,750000.0,750000.0,0.0,,,,1024.0,60.283
383,2012-01-24,7.0,19.8,7.66,0.85,1724.0,55.0,422.77,116.33,202.47,1.64,0.24,0.018,19.97,43.46,141.33,7.5,123.75,261.51,19.25,6.54,60.0,922.0,1.5,1.56,0.9418,0.007,0.1014,0.02378,0.76,,0.4,0.169,0.0011,,0.0045,142.02,0.166,4600000.0,4600000.0,0.0,,,,982.0,88.609
384,2012-01-24,8.0,18.3,7.65,4.02,1625.0,55.0,401.36,104.86,201.49,1.85,0.17,0.45,17.91,39.54,121.82,4.9,88.8,236.4,10.24,6.32,87.0,854.0,1.5,1.37,1.5848,0.0078,0.0832,0.00846,0.76,,0.721,0.215,0.00123,,0.0041,136.09,0.164,11000000.0,11000000.0,1.0,,,,941.0,83.343
385,2012-01-24,9.0,22.7,7.53,0.86,1209.0,60.0,334.71,72.93,164.64,1.39,0.14,0.012,12.74,28.86,71.75,2.1,15.42,66.31,19.25,3.84,87.0,592.0,1.5,10.98,0.1616,0.0046,0.0591,0.02378,0.76,,0.096,0.178,0.00102,,0.014,93.44,0.063,75000000.0,23000000.0,0.0,,,,1073.0,34.216
386,2012-01-24,10.0,22.5,7.21,5.4,1229.0,4.6,289.47,69.25,162.68,1.45,3.46,0.315,8.54,20.04,75.85,0.46,8.06,38.56,19.25,3.89,8.0,588.0,1.5,17.22,0.2872,0.2872,0.0626,0.02378,0.76,,0.163,0.144,0.00109,,0.014,92.93,0.047,4600.0,4600.0,0.0,,,,596.0,34.186
387,2012-01-24,11.0,20.5,7.65,0.6,1825.0,100.0,562.39,100.71,278.32,1.29,0.31,0.45,22.39,48.83,108.53,11.44,141.6,285.49,19.25,7.83,73.0,920.0,0.1,17.22,0.7817,0.005,0.0229,0.02378,0.76,,0.534,0.301,0.00087,,0.0029,126.62,0.275,75000000.0,23000000.0,1.0,,,,993.0,125.501
388,2012-01-24,12.0,19.3,7.72,2.09,2080.0,30.0,575.04,121.3,290.67,1.89,4.64,0.45,20.25,43.53,140.97,3.44,47.4,124.91,19.25,8.6,46.0,1027.0,1.5,1.37,0.9134,0.0058,0.0932,0.02378,0.76,,0.343,0.296,0.0013,,0.014,164.53,0.067,4600000.0,2400000.0,1.0,,,,1073.0,103.986
389,2012-01-24,13.0,18.8,8.53,4.64,1163.0,28.0,354.17,58.82,242.56,1.45,4.64,0.45,1.58,5.44,80.46,11.44,141.6,32.25,19.25,8.6,25.0,667.0,1.5,0.19,2.0174,0.0087,0.1823,0.02378,0.76,,1.291,0.301,0.00075,,0.014,92.43,0.08,43000.0,9000.0,0.0,,,,692.0,61.5354
390,2012-02-21,1.0,17.8,6.93,1.98,692.0,25.0,257.78,43.52,174.83,0.53,0.11,0.05,3.28,8.88,50.63,1.16,15.12,55.28,17.79,1.01,23.0,459.0,0.2,4.7,0.7807,0.003,0.0906,0.00467,,,0.997,0.342,0.00097,0.325,,62.3,0.055,930000.0,430000.0,1.0,24.5,,,482.0,12.64
391,2012-02-21,2.0,18.8,7.14,2.88,998.0,27.0,358.07,69.12,240.77,1.07,4.41,0.71,1.78,5.94,86.5,0.35,7.11,41.43,17.79,1.53,14.0,656.0,0.9,14.46,0.2718,0.0051,0.141,0.00467,,,0.149,0.246,0.00079,0.325,,103.0,0.024,43000.0,43000.0,1.0,27.6,,,670.0,13.432
392,2012-02-21,3.0,21.1,7.21,2.05,1060.0,10.0,349.04,78.28,252.85,0.96,0.16,0.015,18.31,3.28,118.34,7.72,2.49,32.67,17.79,1.99,78.0,741.0,0.3,0.2,1.0972,0.0044,0.1569,0.00467,,,0.584,0.228,0.00084,0.325,,116.0,0.03,7500.0,4300.0,1.0,30.2,,,741.0,17.538
393,2012-02-21,4.0,20.4,7.22,4.89,1044.0,15.0,357.07,74.13,221.36,1.12,0.13,0.71,5.94,14.35,97.95,3.28,15.96,91.82,17.79,4.26,17.0,673.0,0.9,14.46,0.7642,0.0038,0.0714,0.00467,,,0.376,0.339,0.00077,0.325,,113.2,0.03,110000000.0,110000000.0,1.0,29.6,,,690.0,55.53
394,2012-02-21,5.0,21.4,7.21,0.6,1034.0,7.5,352.55,72.93,225.92,0.99,0.45,0.025,6.08,14.55,95.75,1.72,10.44,78.07,17.79,4.57,8.0,754.0,0.9,1.96,0.4985,0.0047,0.0955,0.00467,,,0.325,0.401,0.0011,0.325,,114.0,0.105,93000.0,43000.0,1.0,28.0,,,762.0,58.294
395,2012-02-21,6.0,21.9,7.68,3.07,1030.0,5.1,319.96,72.97,238.19,1.07,4.41,0.71,3.69,9.97,102.62,0.46,16.8,64.32,17.79,4.29,14.0,650.0,0.9,14.46,0.4071,0.0045,0.0848,0.00467,,,0.237,0.283,0.0011,0.325,,113.8,0.036,28000.0,21000.0,0.0,30.0,,,664.0,53.95
396,2012-02-21,7.0,23.3,7.47,0.0,1341.0,38.0,403.71,110.67,233.24,1.56,0.49,0.71,18.31,36.69,132.95,7.72,132.3,283.53,17.79,6.42,78.0,675.0,0.9,1.57,1.1734,0.0072,0.0981,0.00467,,,0.612,0.132,0.00067,0.325,,154.1,0.17,11000000.0,1500000.0,1.0,29.0,,,753.0,73.088
397,2012-02-21,8.0,21.2,7.64,5.2,1261.0,29.0,391.17,101.85,235.22,1.51,0.5,0.025,11.07,23.64,116.49,1.97,35.88,138.18,17.79,4.06,76.0,753.0,0.6,14.46,4.2732,0.0116,0.1348,0.00172,,,1.371,0.258,0.0011,0.102,,146.2,0.076,11000000.0,4600000.0,0.0,27.0,,,829.0,102.672
398,2012-02-21,9.0,21.1,7.49,3.99,984.0,5.1,323.97,70.52,186.52,1.3,0.48,0.71,8.61,19.74,79.13,1.49,13.14,69.82,17.79,3.61,9.0,602.0,0.9,2.94,0.1769,0.0044,0.1569,0.00467,,,0.14,0.201,0.00068,0.325,,116.3,0.099,43000.0,43000.0,1.0,30.2,,,611.0,63.164
399,2012-02-21,10.0,23.8,7.77,9.1,940.0,34.0,276.83,68.49,179.78,1.29,3.77,0.325,6.28,14.41,96.09,0.47,9.42,32.67,17.79,3.66,8.0,605.0,0.9,14.46,0.2538,0.0055,0.0654,0.00467,,,0.135,0.081,0.00074,0.325,,104.1,0.042,2400.0,2400.0,0.0,29.6,,,613.0,54.378
400,2012-02-21,11.0,22.7,7.35,1.91,1264.0,52.0,455.86,77.41,242.75,1.25,0.26,0.71,17.56,38.8,98.86,7.54,98.1,236.0,10.53,6.02,73.0,752.0,0.9,10.15,1.3592,0.0038,0.0882,0.00467,,,0.7,0.406,0.00098,0.325,,114.4,0.076,11000000.0,4600000.0,1.0,30.2,,,825.0,137.0732
401,2012-02-21,12.0,20.4,7.24,1.23,1185.0,29.0,400.2,87.0,252.85,1.11,0.12,0.71,8.4,19.33,94.51,4.88,19.32,125.6,17.79,5.17,40.0,744.0,0.1,0.98,1.2503,0.0036,0.0768,0.00467,,,0.469,0.394,0.00104,0.325,,127.6,0.07,11000000.0,11000000.0,1.0,29.4,,,784.0,118.1008
402,2012-02-21,13.0,18.7,7.03,3.87,725.0,30.0,286.36,43.86,181.57,0.56,0.13,0.71,3.21,8.95,52.76,1.57,27.96,70.21,17.79,1.38,23.0,483.0,0.9,7.84,0.5177,0.0037,0.0906,0.00467,,,0.686,0.3,0.00065,0.325,,70.4,0.036,2400000.0,2400000.0,1.0,24.2,,,506.0,17.5304
403,2012-04-24,1.0,22.9,8.4,2.43,1036.0,30.0,398.82,64.49,271.57,1.33,0.45,0.575,,,89.64,12.63,4.12,35.61,24.45,0.8,50.0,709.0,0.1,1.76,0.9857,0.0052,0.1532,0.0011,0.064,0.113,1.469,0.055,0.00097,0.256,0.0147,108.6,0.729,750.0,430.0,0.0,25.2,,,759.0,
404,2012-04-24,2.0,22.5,7.56,0.27,1111.0,6.6,426.36,68.44,292.29,1.34,0.41,0.575,,,101.17,0.23,5.27,40.36,24.45,1.25,204.0,766.0,0.5,11.92,0.0424,0.0035,0.1111,0.02266,0.064,0.113,0.062,0.082,0.00074,0.256,0.0085,111.0,0.15,930.0,430.0,0.0,25.4,,,766.0,
405,2012-04-24,3.0,21.3,7.75,1.73,1234.0,5.7,437.6,13.78,299.64,1.37,0.48,0.016,,,119.0,0.29,3.68,53.02,24.45,1.62,31.0,843.0,0.1,1.37,0.062,0.0039,0.1101,0.02266,0.064,0.113,1.554,0.154,0.00085,0.256,0.0195,140.8,0.064,15000.0,9000.0,1.0,28.2,,,874.0,
406,2012-04-24,4.0,21.8,7.58,3.8,1272.0,2.7,439.11,99.15,285.51,1.41,0.44,0.066,,,140.44,0.43,3.29,41.94,24.45,0.8,204.0,913.0,0.5,0.59,0.0409,0.003,0.0809,0.02266,0.064,0.113,0.087,0.1,0.00079,0.256,0.0195,159.3,0.264,20000.0,9000.0,0.0,30.8,,,913.0,
407,2012-04-24,5.0,23.5,7.91,2.27,1372.0,4.0,436.56,95.15,288.3,1.78,0.95,0.074,,,145.35,12.63,3.84,45.11,24.45,1.78,204.0,931.0,0.5,0.98,0.0835,0.0037,0.0613,0.02266,0.064,0.113,0.138,0.097,0.00097,0.256,0.0195,156.2,0.054,21000.0,15000.0,1.0,36.2,,,931.0,
408,2012-04-24,6.0,23.8,8.38,6.89,1294.0,4.9,419.73,98.42,283.52,1.61,3.36,0.175,,,134.75,0.44,7.66,48.27,24.45,1.61,18.0,916.0,0.5,0.78,0.1459,0.0029,0.0611,0.02266,0.064,0.113,0.253,0.097,0.00097,0.256,0.0195,154.6,0.816,11000.0,2100.0,0.0,36.8,,,934.0,
409,2012-04-24,7.0,26.2,7.77,0.06,1514.0,55.0,459.0,135.92,227.19,0.73,0.8,0.575,,,148.4,12.45,182.5,362.77,24.45,0.73,97.0,1013.0,0.5,3.14,0.2677,0.004,0.0593,0.00963,0.064,0.113,0.44,0.1,0.00097,0.256,0.0117,167.9,0.196,2100000.0,700000.0,1.0,34.7,,,1110.0,
410,2012-04-24,8.0,25.6,7.83,0.28,1365.0,65.0,438.6,114.04,225.18,0.8,0.71,0.575,,,125.43,12.63,109.5,309.0,20.17,0.8,204.0,816.0,0.5,4.12,1.2963,0.0046,0.0685,0.02266,0.052,0.088,1.554,0.154,0.00067,0.256,0.0051,150.1,0.323,210000.0,150000.0,0.0,28.6,,,1020.0,
411,2012-04-24,9.0,29.6,9.23,12.72,1514.0,65.0,525.81,146.56,308.01,1.81,6.07,0.575,,,148.4,12.63,182.5,362.77,24.45,2.63,204.0,1013.0,0.5,11.92,1.2963,0.0105,0.1682,0.02266,0.064,0.113,1.554,0.435,0.00097,0.256,0.0195,167.9,0.816,2100000.0,700000.0,0.0,36.8,,,1110.0,
412,2012-04-24,10.0,28.2,9.23,12.72,1055.0,16.0,332.01,96.33,207.48,1.81,4.14,0.041,,,98.6,12.63,8.94,53.81,24.45,2.63,24.0,743.0,0.5,0.59,0.0532,0.0105,0.0242,0.02266,0.064,0.113,0.15,0.323,0.00097,0.256,0.0195,137.7,0.075,430.0,430.0,0.0,32.6,,,767.0,
413,2012-04-24,11.0,29.6,8.17,4.52,1245.0,33.0,525.81,70.85,308.01,1.35,1.12,0.021,,,91.44,11.42,85.8,217.24,11.63,2.63,47.0,787.0,0.5,1.57,0.2124,0.0105,0.00637,0.02266,0.064,0.113,0.372,0.435,0.00088,0.256,0.0068,113.0,0.116,1500000.0,200000.0,1.0,34.2,,,834.0,
414,2012-04-24,12.0,26.3,7.8,4.22,1454.0,3.7,421.77,146.56,268.98,1.5,6.07,0.575,,,128.74,0.54,10.83,53.05,24.45,2.63,10.0,987.0,0.5,11.92,0.0592,0.00253,0.0149,0.02266,0.064,0.113,0.147,0.145,0.0007,0.256,0.0195,80.2,0.185,21000.0,9000.0,0.0,33.2,,,997.0,
415,2012-04-24,13.0,22.5,7.86,1.22,1052.0,17.0,394.23,63.77,263.81,1.21,0.42,0.575,,,87.82,0.22,3.25,37.19,24.45,0.84,7.0,745.0,0.5,0.98,0.4915,0.0051,0.1682,0.02266,0.064,0.113,0.785,0.064,0.00056,0.256,0.0195,113.8,0.07,1500.0,1500.0,1.0,23.4,,,752.0,
416,2012-05-29,1.0,26.0,8.2,1.7,1091.0,34.0,409.34,65.71,266.8,1.42,0.27,0.8,,,95.79,0.39,6.1,36.14,92.81,0.97,24.0,756.0,5.1,7.22,0.952,0.008,0.134,0.04613,0.222,0.116,0.696,0.082,0.00217,,0.1221,118.2,0.039,240000.0,15000.0,0.0,27.7,,,780.0,
417,2012-05-29,2.0,24.5,7.62,1.39,1273.0,11.0,479.51,86.45,319.61,1.36,0.25,0.033,,,108.58,0.32,5.91,48.44,92.81,2.24,6.0,894.0,5.1,20.24,0.089,0.0026,0.1236,0.04613,0.222,0.116,3.552,0.141,0.00053,,0.1221,135.8,0.031,9300.0,4300.0,0.0,27.7,,,900.0,
418,2012-05-29,3.0,29.2,7.7,6.92,1494.0,18.0,501.38,122.29,330.97,1.36,0.25,0.8,,,166.6,0.19,20.21,132.89,92.81,2.53,13.0,1115.0,5.1,1.08,0.4603,0.0121,0.1206,0.04613,0.222,0.116,3.552,0.317,0.00217,,0.1221,186.3,0.028,930.0,150.0,1.0,30.6,,,1128.0,
419,2012-05-29,4.0,24.5,7.5,2.62,1451.0,4.6,484.6,113.74,285.45,1.4,0.25,0.8,,,140.91,0.38,4.53,37.68,92.81,5.37,670.0,1080.0,5.1,1.46,0.1372,0.0121,0.0627,0.04613,0.222,0.116,3.552,0.324,0.00217,,0.1221,178.3,0.039,150000.0,93000.0,0.0,31.4,,,1080.0,
420,2012-05-29,5.0,30.5,7.67,0.67,1448.0,26.43,499.35,115.83,293.2,1.4,0.43,0.018,,,129.26,0.8,9.48,100.7,12.12,0.49,9.0,1083.0,5.1,2.42,0.2021,0.0121,0.0615,0.00077,0.222,0.116,0.083,0.141,0.00077,,0.1221,176.1,0.039,150000.0,70000.0,1.0,34.4,,,1092.0,
421,2012-05-29,6.0,28.8,8.37,6.75,1401.0,2.76,470.87,113.06,276.58,1.38,0.55,0.42,,,138.753,0.56,6.81,46.9,92.81,0.48,9.0,1183.0,5.1,20.24,0.1265,0.0121,0.0629,0.00073,0.222,0.116,0.075,0.078,0.00088,,0.1221,166.2,0.061,11000.0,11000.0,0.0,32.1,,,1192.0,
422,2012-05-29,7.0,27.1,8.04,5.78,1106.0,11.0,357.47,77.51,265.04,2.19,0.59,0.074,,,114.02,3.22,19.54,126.45,92.81,0.46,27.0,773.0,0.1,0.69,0.4025,0.0121,0.0181,0.00436,0.088,0.116,0.234,0.078,0.00103,,0.0176,123.4,0.117,15000.0,9000.0,0.0,27.4,,,800.0,
423,2012-05-29,8.0,32.6,7.7,0.08,1364.0,340.0,489.68,113.98,260.15,1.38,0.56,0.011,,,101.13,0.23,223.8,794.83,92.81,10.96,670.0,802.0,5.1,15.36,4.7657,0.0121,0.1263,0.04613,0.222,0.116,3.552,0.344,0.00217,,0.1221,153.8,0.679,1500000.0,750000.0,0.0,41.9,,,1472.0,
424,2012-05-29,9.0,32.6,8.37,6.92,1494.0,340.0,504.94,122.29,330.97,2.19,0.59,0.8,,,166.6,5.56,223.8,794.83,92.81,10.96,670.0,1183.0,5.1,20.24,4.7657,0.0121,0.1369,0.04613,0.222,0.116,3.552,0.357,0.00217,,0.1221,186.3,0.679,46000000.0,9300000.0,0.0,41.9,,,1472.0,
425,2012-05-29,10.0,24.8,8.21,6.47,525.0,7.2,198.31,33.9,110.51,1.5,0.57,0.018,,,33.61,0.21,3.06,41.52,9.07,1.33,13.0,463.0,5.1,0.88,4.7657,0.0121,0.015,0.04613,0.059,0.116,0.193,0.346,0.00083,,0.0037,63.5,0.162,46000000.0,9300000.0,0.0,34.5,,,476.0,
426,2012-05-29,11.0,28.3,7.93,0.11,1305.0,35.0,504.94,78.92,316.09,1.4,0.31,0.8,,,109.79,5.56,42.72,161.54,10.13,6.44,44.0,877.0,0.3,2.8,0.4971,0.0121,0.0633,0.0009,0.222,0.116,0.165,0.357,0.00056,,0.0077,128.8,0.112,46000000.0,9300000.0,1.0,34.2,,,921.0,
427,2012-05-29,12.0,28.8,7.77,4.86,1298.0,4.9,392.56,102.72,259.17,1.3,0.25,0.8,,,144.62,0.6,13.92,112.61,12.18,3.02,14.0,931.0,5.1,20.24,0.2921,0.0121,0.0165,0.04613,0.222,0.116,0.116,0.195,0.00217,,0.1221,160.8,0.095,150000.0,93000.0,1.0,33.9,,,945.0,
428,2012-05-29,13.0,25.3,7.96,0.26,1068.0,13.0,400.19,66.39,271.88,1.37,0.25,0.8,,,97.59,0.23,3.21,31.53,92.81,0.81,16.0,784.0,5.1,3.0,0.7621,0.0033,0.1369,0.04613,0.222,0.116,0.493,0.062,0.00064,,0.1221,119.6,0.041,93000.0,15000.0,1.0,24.7,,,800.0,
481,2012-10-23,1.0,23.0,7.11,1.85,500.0,25.0,212.31,25.27,138.59,0.38,7.18,1.53,1.46,2.6,23.56,1.11,22.02,56.97,35.05,0.94,35.0,313.0,1.3,3.14,1.6524,0.0025,0.0513,0.00055,,,0.829,0.372,0.00072,,0.0052,35.9,0.246,1100000.0,1100000.0,1.0,23.3,,,348.0,2.6
482,2012-10-23,2.0,22.4,7.31,1.93,1016.0,3.0,352.84,61.53,231.99,1.02,7.18,1.53,28.26,1.7,105.04,9.43,2.82,31.57,11.01,1.22,81.0,692.0,1.3,1.54,0.2691,0.0054,0.1071,0.00061,,,0.155,0.164,0.00052,,0.0098,107.0,0.146,24000.0,24000.0,0.0,25.2,,,692.0,1.7
483,2012-10-23,3.0,25.4,7.43,3.85,1022.0,8.3,311.89,68.08,218.94,0.68,0.35,0.036,28.26,1.95,140.18,9.43,8.66,43.11,35.05,1.84,33.0,715.0,0.5,0.75,0.3763,0.0044,0.1077,0.00064,,,0.374,0.554,0.00072,,0.0029,109.5,0.287,90.0,90.0,1.0,30.0,,,748.0,2.336
484,2012-10-23,4.0,24.3,7.7,3.95,1195.0,9.5,393.28,78.74,218.94,0.96,7.18,0.097,8.28,9.17,123.33,0.2,10.85,44.65,35.05,2.0,13.0,771.0,1.3,1.14,0.371,0.0043,0.068,0.00066,,,0.131,0.187,0.00072,,0.0098,129.7,0.132,24000.0,24000.0,0.0,29.5,,,784.0,9.267
485,2012-10-23,5.0,21.4,7.61,2.26,1177.0,4.2,380.64,79.87,184.19,1.05,2.14,0.547,5.76,9.09,115.13,0.41,7.73,36.19,35.05,2.31,11.0,817.0,1.3,0.75,0.5444,0.0041,0.0615,0.01585,,,0.19,0.192,0.00072,,0.0028,122.1,0.027,93000.0,43000.0,1.0,33.0,,,828.0,11.777
486,2012-10-23,6.0,25.7,8.15,6.69,1181.0,5.0,348.8,80.91,205.28,0.87,7.18,0.945,3.82,6.82,127.88,0.37,19.8,48.5,35.05,3.98,11.0,801.0,1.3,21.56,0.3812,0.0048,0.0493,0.01585,,,0.182,0.108,0.00072,,0.0033,132.7,0.084,1100000.0,460000.0,0.0,19.8,,,812.0,14.945
487,2012-10-23,7.0,25.1,7.79,2.25,1164.0,32.0,361.94,83.5,182.79,1.33,1.4,0.37,13.23,20.06,122.34,4.0,67.08,151.86,11.1,4.09,61.0,771.0,1.3,0.55,0.701,0.0057,0.0613,0.01266,,,0.306,0.131,0.00072,,0.0063,130.3,0.148,100000.0,460000.0,1.0,30.2,,,832.0,21.83
488,2012-10-23,8.0,24.5,7.6,3.52,1103.0,33.0,339.19,74.49,189.41,1.57,0.16,0.315,11.04,17.21,101.11,1.95,37.8,85.91,35.05,3.63,81.0,671.0,1.3,1.54,1.7205,0.0062,0.0705,0.01585,,,0.886,0.147,0.00072,,0.0098,124.3,0.158,100000.0,1100000.0,0.0,34.6,,,752.0,17.685
489,2012-10-23,9.0,29.2,7.71,6.2,689.0,3.5,228.49,40.64,140.8,0.88,0.38,0.021,6.09,7.55,45.27,0.39,3.6,23.1,35.05,1.65,81.0,440.0,1.3,0.75,0.2291,0.0051,0.0404,0.01585,,,0.471,0.317,0.00072,,0.0028,69.8,0.036,90.0,40.0,0.0,32.1,,,440.0,7.951
490,2012-10-23,10.0,29.9,7.89,5.89,396.0,9.7,136.99,20.51,58.25,0.96,0.97,0.019,28.26,0.97,33.53,9.43,69.4,24.64,35.05,0.72,81.0,295.0,1.3,1.34,0.7403,0.0049,0.0258,0.01585,,,0.495,0.554,0.00072,,0.0061,33.4,0.025,930.0,430.0,0.0,30.0,,,295.0,1.959
491,2012-10-23,11.0,27.6,7.85,0.07,1436.0,38.0,613.68,68.93,299.88,0.95,0.13,0.012,28.26,30.29,54.53,9.43,69.4,167.3,9.64,6.2,50.0,866.0,1.3,21.56,1.7585,0.0036,0.0853,0.00069,,,0.296,0.387,0.00072,,0.0098,131.7,0.088,93000.0,43000.0,1.0,34.6,,,916.0,30.432
492,2012-10-23,12.0,27.6,7.76,2.87,1411.0,23.0,445.34,145.22,264.13,1.14,4.32,1.53,9.66,10.07,114.14,1.6,29.64,133.52,35.05,1.87,49.0,999.0,1.3,21.56,0.8928,0.004,0.0649,0.00056,,,0.398,0.259,0.00072,,0.0087,177.4,0.158,1100000.0,460000.0,1.0,33.5,,,1048.0,15.92
493,2012-10-23,13.0,22.0,7.09,1.24,483.0,20.0,207.25,25.32,139.19,0.47,7.18,1.53,1.14,2.12,21.53,0.97,17.88,49.27,35.05,1.03,38.0,334.0,1.3,3.14,0.6782,0.0032,0.0557,0.01585,,,0.918,0.396,0.00072,,0.0027,35.9,0.162,230.0,230.0,1.0,21.9,,,372.0,2.12
494,2013-01-29,1.0,19.1,8.8,4.51,507.0,45.0,365.46,62.14,242.97,1.28,0.25,0.011,36.92,2.38,97.77,0.19,1.68,33.39,17.89,0.47,98.0,673.0,0.9,1.88,3.2775,0.0049,0.0995,0.02319,,,2.758,0.064,0.0008,,0.0055,106.2,0.188,430.0,230.0,0.0,21.8,,,771.0,2.63
495,2013-01-29,2.0,17.1,7.51,0.97,1117.0,3.6,372.08,67.52,255.57,1.43,0.3,0.011,0.74,8.09,113.69,0.19,1.79,33.39,17.89,0.81,9.0,7.32,0.9,2.51,3.9938,0.0049,0.0912,0.02319,,,0.222,0.371,0.0008,,0.018,115.9,0.113,930.0,430.0,0.0,22.7,,,537.0,1.131
496,2013-01-29,3.0,24.5,8.8,7.8,1497.0,90.0,578.22,115.21,268.58,2.3,6.68,1.482,36.92,41.92,170.93,10.42,95.2,211.41,17.89,5.36,106.0,998.0,0.9,6.7,4.953,0.0049,0.1035,0.02319,,,2.758,0.371,0.0008,,0.0324,178.8,0.188,110000.0,46000.0,0.0,31.3,,,1035.0,42.17
497,2013-01-29,4.0,21.5,7.64,3.06,1331.0,2.7,391.42,95.22,261.67,1.19,0.63,0.39,1.97,4.18,147.07,0.25,3.85,33.39,17.89,3.06,11.0,869.0,0.9,1.46,1.1035,0.0049,0.0419,0.02319,,,1.422,0.158,0.0008,,0.0192,136.4,0.11,2100.0,750.0,1.0,28.6,,,880.0,5.2
498,2013-01-29,5.0,16.0,7.46,1.3,1330.0,3.5,380.22,96.68,263.71,1.47,4.48,0.202,0.9,1.56,152.86,0.19,2.44,29.51,17.89,3.22,6.0,888.0,0.9,6.7,1.099,0.0049,0.0814,0.00066,,,0.171,0.105,0.00062,,0.0177,176.1,0.04,110000.0,7500.0,0.0,28.0,,,888.0,6.242
499,2013-01-29,6.0,16.4,8.27,7.8,1323.0,3.4,376.66,98.45,268.58,1.01,6.68,0.225,0.52,2.87,148.35,0.19,3.83,35.72,17.89,3.84,8.0,911.0,0.9,6.7,1.3735,0.0028,0.0572,0.02319,,,0.137,0.06,0.00052,,0.0079,178.8,0.029,110000.0,46000.0,0.0,21.3,,,919.0,9.775
500,2013-01-29,7.0,19.1,7.79,3.7,1187.0,50.0,363.43,76.23,204.74,2.3,0.68,0.207,15.18,20.02,141.15,8.43,61.92,192.14,17.89,3.3,106.0,812.0,0.9,0.44,3.436,0.0035,0.0654,0.02319,,,0.69,0.123,0.0008,,0.0028,150.3,0.122,110000.0,15000.0,1.0,29.4,,,918.0,20.7
501,2013-01-29,8.0,23.2,7.7,3.41,1202.0,24.0,371.06,79.36,220.19,1.78,0.76,0.292,11.65,15.91,137.51,0.92,24.54,123.05,17.89,3.28,25.0,787.0,0.7,0.48,0.3691,0.0049,0.0574,0.00648,,,0.472,0.11,0.0008,,0.0324,151.6,0.077,2100.0,2100.0,0.0,31.3,,,812.0,16.962
502,2013-01-29,9.0,24.5,8.8,7.8,1497.0,90.0,578.22,115.21,268.58,2.3,6.68,1.482,36.92,41.92,170.93,10.42,95.2,211.41,17.89,5.36,106.0,998.0,0.9,6.7,4.953,0.0049,0.1035,0.02319,,,2.758,0.371,0.0008,,0.0324,178.8,0.188,110000.0,46000.0,0.0,31.3,,,1035.0,42.17
503,2013-01-29,10.0,24.3,7.35,1.49,473.0,1.5,173.06,23.02,91.09,0.86,0.64,0.013,0.52,1.72,40.77,0.19,95.2,20.19,17.89,0.8,6.0,342.0,0.9,6.7,0.0494,0.0035,0.0252,0.02319,,,0.107,0.205,0.0008,,0.0324,52.7,0.027,90.0,40.0,0.0,21.0,,,342.0,2.373
504,2013-01-29,11.0,15.0,7.76,0.03,1378.0,90.0,578.22,67.34,227.31,1.04,0.25,0.011,36.92,41.92,61.58,10.42,95.2,211.41,13.26,3.46,47.0,765.0,0.9,6.7,0.582,0.0049,0.0607,0.02319,,,0.218,0.371,0.0008,,0.0324,116.4,0.094,2100.0,2100.0,1.0,10.6,,,812.0,42.17
505,2013-01-29,12.0,24.5,7.8,2.53,1497.0,18.0,399.06,115.21,240.53,1.43,1.62,1.482,4.35,7.05,170.93,0.89,17.52,50.48,17.89,5.36,37.0,998.0,0.1,6.7,4.953,0.0049,0.0337,0.02319,,,0.516,0.247,0.0008,,0.0031,155.2,0.084,2100.0,200.0,0.0,28.1,,,1035.0,10.152
506,2013-01-29,13.0,19.7,8.71,2.81,1045.0,32.0,364.44,62.38,241.95,1.59,0.18,0.011,0.52,2.71,106.02,0.19,2.24,27.96,17.89,0.45,35.0,705.0,0.9,2.72,3.4991,0.0049,0.1035,0.02319,,,2.491,0.056,0.0008,,0.0324,108.5,0.074,1500.0,1500.0,1.0,19.0,,,740.0,2.89
507,2013-02-26,1.0,0.0,0.0,0.0,0.0,0.0,0.0,0.0,0.0,0.0,0.0,0.0,0.0,0.0,0.0,0.0,0.0,0.0,0.0,0.0,0.0,0.0,0.0,0.0,0.0,0.0,0.0,0.0,0.0,0.0,0.0,0.0,0.0,0.0,0.0,0.0,0.0,0.0,0.0,0.0,0.0,0.0,0.0,0.0,0.0
508,2013-02-26,2.0,0.0,0.0,0.0,0.0,0.0,0.0,0.0,0.0,0.0,0.0,0.0,0.0,0.0,0.0,0.0,0.0,0.0,0.0,0.0,0.0,0.0,0.0,0.0,0.0,0.0,0.0,0.0,0.0,0.0,0.0,0.0,0.0,0.0,0.0,0.0,0.0,0.0,0.0,0.0,0.0,0.0,0.0,0.0,0.0
509,2013-02-26,3.0,0.0,0.0,0.0,0.0,0.0,0.0,0.0,0.0,0.0,0.0,0.0,0.0,0.0,0.0,0.0,0.0,0.0,0.0,0.0,0.0,0.0,0.0,0.0,0.0,0.0,0.0,0.0,0.0,0.0,0.0,0.0,0.0,0.0,0.0,0.0,0.0,0.0,0.0,1.0,0.0,0.0,0.0,0.0,0.0
510,2013-02-26,4.0,0.0,0.0,0.0,0.0,0.0,0.0,0.0,0.0,0.0,0.0,0.0,0.0,0.0,0.0,0.0,0.0,0.0,0.0,0.0,0.0,0.0,0.0,0.0,0.0,0.0,0.0,0.0,0.0,0.0,0.0,0.0,0.0,0.0,0.0,0.0,0.0,0.0,0.0,0.0,0.0,0.0,0.0,0.0,0.0
511,2013-02-26,5.0,0.0,0.0,0.0,0.0,0.0,0.0,0.0,0.0,0.0,0.0,0.0,0.0,0.0,0.0,0.0,0.0,0.0,0.0,0.0,0.0,0.0,0.0,0.0,0.0,0.0,0.0,0.0,0.0,0.0,0.0,0.0,0.0,0.0,0.0,0.0,0.0,0.0,0.0,0.0,0.0,0.0,0.0,0.0,0.0
512,2013-02-26,6.0,0.0,0.0,0.0,0.0,0.0,0.0,0.0,0.0,0.0,0.0,0.0,0.0,0.0,0.0,0.0,0.0,0.0,0.0,0.0,0.0,0.0,0.0,0.0,0.0,0.0,0.0,0.0,0.0,0.0,0.0,0.0,0.0,0.0,0.0,0.0,0.0,0.0,0.0,0.0,0.0,0.0,0.0,0.0,0.0
513,2013-02-26,7.0,0.0,0.0,0.0,0.0,0.0,0.0,0.0,0.0,0.0,0.0,0.0,0.0,0.0,0.0,0.0,0.0,0.0,0.0,0.0,0.0,0.0,0.0,0.0,0.0,0.0,0.0,0.0,0.0,0.0,0.0,0.0,0.0,0.0,0.0,0.0,0.0,0.0,0.0,1.0,0.0,0.0,0.0,0.0,0.0
514,2013-02-26,8.0,0.0,0.0,0.0,0.0,0.0,0.0,0.0,0.0,0.0,0.0,0.0,0.0,0.0,0.0,0.0,0.0,0.0,0.0,0.0,0.0,0.0,0.0,0.0,0.0,0.0,0.0,0.0,0.0,0.0,0.0,0.0,0.0,0.0,0.0,0.0,0.0,0.0,0.0,0.0,0.0,0.0,0.0,0.0,0.0
515,2013-02-26,10.0,23.7,7.43,2.73,449.0,1.1,150.15,21.87,104.91,0.87,0.16,0.011,0.62,1.64,38.93,0.27,2.01,21.86,0.0,0.82,6.0,314.0,0.0,0.0,0.0559,0.0033,0.0,0.0,0.0,0.0,0.092,0.251,0.00074,0.0,0.0,43.4,0.02,0.0,0.0,0.0,22.0,0.0,0.0,314.0,1.8
516,2013-02-26,11.0,0.0,0.0,0.0,0.0,0.0,0.0,0.0,0.0,0.0,0.0,0.0,0.0,0.0,0.0,0.0,0.0,0.0,0.0,0.0,0.0,0.0,0.0,0.0,0.0,0.0,0.0,0.0,0.0,0.0,0.0,0.0,0.0,0.0,0.0,0.0,0.0,0.0,0.0,1.0,0.0,0.0,0.0,0.0,0.0
517,2013-02-26,12.0,0.0,0.0,0.0,0.0,0.0,0.0,0.0,0.0,0.0,0.0,0.0,0.0,0.0,0.0,0.0,0.0,0.0,0.0,0.0,0.0,0.0,0.0,0.0,0.0,0.0,0.0,0.0,0.0,0.0,0.0,0.0,0.0,0.0,0.0,0.0,0.0,0.0,0.0,1.0,0.0,0.0,0.0,0.0,0.0
518,2013-02-26,13.0,0.0,0.0,0.0,0.0,0.0,0.0,0.0,0.0,0.0,0.0,0.0,0.0,0.0,0.0,0.0,0.0,0.0,0.0,0.0,0.0,0.0,0.0,0.0,0.0,0.0,0.0,0.0,0.0,0.0,0.0,0.0,0.0,0.0,0.0,0.0,0.0,0.0,0.0,1.0,0.0,0.0,0.0,0.0,0.0
519,2013-02-27,6.0,19.5,8.31,5.97,1384.0,3.6,397.02,101.56,283.63,1.08,4.3,0.213,0.82,2.71,165.21,0.67,5.8,47.5,9.81,2.77,6.0,958.0,0.5,,0.2555,0.0032,0.0081,0.03659,,,0.166,0.058,0.00057,0.143,0.0061,179.1,0.146,43000.0,23000.0,0.0,29.3,,,964.0,7.22
520,2013-02-27,7.0,20.1,7.72,1.03,1431.0,39.0,431.63,108.62,228.53,1.43,0.15,0.011,18.78,25.02,157.09,5.01,85.8,212.44,9.81,5.06,40.0,904.0,0.5,,0.111,0.0033,0.0086,0.03659,,,0.426,0.125,0.00103,0.143,0.0061,174.1,0.189,2400.0,2400.0,0.0,25.8,,,944.0,25.17
521,2013-02-27,8.0,19.3,7.62,1.65,1412.0,37.0,427.56,104.02,230.77,1.28,0.14,0.011,17.31,23.71,150.61,3.12,59.1,173.81,9.81,4.86,66.0,865.0,0.5,,0.8041,0.0033,0.0093,0.0297,,,0.426,0.137,0.00107,0.143,0.0027,169.1,0.096,150000.0,93000.0,0.0,16.3,,,931.0,23.85
522,2013-02-27,9.0,20.1,8.31,5.97,1431.0,39.0,431.63,108.62,283.63,1.43,4.3,0.213,18.78,25.02,165.21,5.01,85.8,212.44,9.81,5.06,66.0,958.0,0.5,,0.8041,0.0033,0.0093,0.03659,,,0.426,0.137,0.00107,0.143,0.0061,179.1,0.189,150000.0,93000.0,0.0,29.3,,,964.0,25.17
523,2013-03-05,3.0,16.4,7.62,2.1,1331.0,15.0,415.85,86.98,215.34,1.22,0.88,0.165,1.39,4.35,149.99,0.19,8.69,51.0,68.32,1.21,64.0,863.0,0.3,1.05,0.8447,,0.0089,0.00096,,,0.539,0.086,,0.123,0.0057,167.6,0.109,280.0,210.0,0.0,23.4,,-1.0,927.0,5.4
524,2013-03-05,4.0,17.1,7.72,2.88,1347.0,1.4,425.01,91.07,285.56,1.01,0.66,0.183,1.31,3.28,141.77,0.2,2.63,42.63,68.32,1.92,6.0,899.0,0.3,0.27,0.1378,,0.0079,0.00062,,,0.072,0.086,,0.123,0.0025,171.9,0.339,4300.0,1500.0,0.0,19.0,,-1.0,899.0,4.12
525,2013-03-05,5.0,16.1,7.63,1.8,1402.0,5.4,417.38,100.63,286.99,1.23,2.84,0.094,1.15,3.12,147.91,0.3,3.8,45.68,68.32,2.92,10.0,926.0,0.3,0.46,0.5629,,0.0088,0.00156,,,0.279,0.127,,0.123,0.0054,181.2,0.161,460000.0,460000.0,0.0,8.3,,-1.0,936.0,6.05
526,2013-03-05,11.0,18.9,7.86,0.21,1564.0,55.0,680.02,80.34,285.35,1.33,0.16,0.014,33.47,45.29,53.85,10.23,95.2,210.15,8.64,6.98,46.0,908.0,0.3,19.5,0.2026,,0.0087,0.00156,,,0.204,0.436,,0.123,0.0057,173.7,0.299,93000.0,43000.0,0.0,30.3,,-1.0,954.0,45.46
527,2013-03-05,12.0,20.5,7.87,0.35,1642.0,16.0,435.7,129.75,244.82,1.28,0.18,0.01,8.78,15.91,217.32,3.48,35.6,128.95,68.13,4.32,34.0,1066.0,0.3,0.46,0.3724,,0.0089,0.00156,,,0.329,0.28,,0.123,0.0037,230.4,0.194,1100000.0,460000.0,0.0,28.2,,-1.0,1100.0,16.09
528,2013-03-06,1.0,19.1,8.75,4.51,1067.0,60.0,375.13,62.83,258.13,1.19,0.11,0.01,0.98,2.87,94.07,0.19,2.03,35.02,,0.58,85.0,720.0,,0.86,1.1243,,0.1723,,,,3.403,0.083,,,0.0033,14.7,0.213,230.0,230.0,0.0,23.6,,-1.0,805.0,2.87
529,2013-03-06,2.0,17.6,7.38,3.07,1156.0,3.6,386.84,68.4,262.22,1.24,0.11,0.01,0.82,1.97,113.91,0.19,1.42,35.02,,0.8,6.0,760.0,,1.05,0.8198,,0.165,,,,0.156,0.063,,,0.0033,25.7,0.366,930.0,930.0,0.0,28.0,,-1.0,760.0,1.97
530,2013-03-06,13.0,21.2,8.73,5.32,1075.0,29.0,372.68,64.22,245.23,1.48,0.11,0.01,0.52,2.13,104.4,0.19,1.74,40.35,,0.49,34.0,713.0,,0.86,1.2393,,0.1676,,,,2.151,0.182,,,0.0033,23.6,0.252,1500.0,930.0,0.0,23.5,,-1.0,747.0,2.24
531,2013-04-09,1.0,22.2,8.73,5.61,1163.0,130.0,409.74,71.82,200.06,1.61,0.14,0.01,0.82,0.98,100.39,0.19,4.86,55.08,0.0,0.88,183.0,824.0,0.1,22.08,1.6127,0.0043,0.2222,0.0,0.304,0.0,3.377,0.166,0.00061,0.12,0.0032,134.2,0.059,430.0,230.0,0.0,24.5,0.0,0.0,1007.0,1.12
532,2013-04-09,2.0,21.6,7.47,1.73,1247.0,4.0,424.0,75.62,216.88,1.48,1.61,0.01,0.52,0.52,115.58,0.38,2.96,33.05,0.0,1.04,8.0,830.0,0.1,6.24,0.0795,0.0043,0.1956,0.0,0.101,0.0,0.117,0.156,0.00072,0.12,0.028,138.9,0.117,9300.0,4300.0,0.0,25.6,0.0,0.0,838.0,0.0
533,2013-04-09,3.0,24.4,7.99,10.54,1378.0,4.6,432.65,89.49,226.97,1.64,0.14,0.01,0.82,1.07,148.96,0.23,7.91,55.08,0.0,1.03,28.0,930.0,0.1,0.34,0.1115,0.0043,0.1423,0.0,0.304,0.0,0.071,0.076,0.0008,0.12,0.0523,166.7,0.186,150.0,90.0,1.0,31.2,0.0,0.0,958.0,1.21
534,2013-04-09,4.0,22.7,7.71,4.75,1479.0,2.7,444.36,108.54,227.17,1.6,1.57,0.619,0.52,0.52,157.09,0.31,4.36,43.33,0.0,3.22,13.0,1007.0,0.1,22.08,0.2385,0.0043,0.0097,0.0,0.304,0.0,0.078,0.174,0.00091,0.12,0.073,179.5,0.022,4300.0,1500.0,0.0,31.3,0.0,0.0,1020.0,2.189
535,2013-04-09,5.0,0.0,0.0,0.0,0.0,0.0,0.0,0.0,0.0,0.0,0.0,0.0,0.0,0.0,0.0,0.0,0.0,0.0,0.0,0.0,0.0,0.0,0.0,0.0,0.0,0.0,0.0,0.0,0.0,0.0,0.0,0.0,0.0,0.0,0.0,0.0,0.0,0.0,0.0,0.0,0.0,0.0,0.0,0.0,0.0
536,2013-04-09,6.0,0.0,0.0,0.0,0.0,0.0,0.0,0.0,0.0,0.0,0.0,0.0,0.0,0.0,0.0,0.0,0.0,0.0,0.0,0.0,0.0,0.0,0.0,0.0,0.0,0.0,0.0,0.0,0.0,0.0,0.0,0.0,0.0,0.0,0.0,0.0,0.0,0.0,0.0,0.0,0.0,0.0,0.0,0.0,0.0
537,2013-04-09,7.0,0.0,0.0,0.0,0.0,0.0,0.0,0.0,0.0,0.0,0.0,0.0,0.0,0.0,0.0,0.0,0.0,0.0,0.0,0.0,0.0,0.0,0.0,0.0,0.0,0.0,0.0,0.0,0.0,0.0,0.0,0.0,0.0,0.0,0.0,0.0,0.0,0.0,0.0,1.0,0.0,0.0,0.0,0.0,0.0
538,2013-04-09,8.0,0.0,0.0,0.0,0.0,0.0,0.0,0.0,0.0,0.0,0.0,0.0,0.0,0.0,0.0,0.0,0.0,0.0,0.0,0.0,0.0,0.0,0.0,0.0,0.0,0.0,0.0,0.0,0.0,0.0,0.0,0.0,0.0,0.0,0.0,0.0,0.0,0.0,0.0,1.0,0.0,0.0,0.0,0.0,0.0
539,2013-04-09,9.0,0.0,0.0,0.0,0.0,0.0,0.0,0.0,0.0,0.0,0.0,0.0,0.0,0.0,0.0,0.0,0.0,0.0,0.0,0.0,0.0,0.0,0.0,0.0,0.0,0.0,0.0,0.0,0.0,0.0,0.0,0.0,0.0,0.0,0.0,0.0,0.0,0.0,0.0,0.0,0.0,0.0,0.0,0.0,0.0
540,2013-04-09,10.0,0.0,0.0,0.0,0.0,0.0,0.0,0.0,0.0,0.0,0.0,0.0,0.0,0.0,0.0,0.0,0.0,0.0,0.0,0.0,0.0,0.0,0.0,0.0,0.0,0.0,0.0,0.0,0.0,0.0,0.0,0.0,0.0,0.0,0.0,0.0,0.0,0.0,0.0,0.0,0.0,0.0,0.0,0.0,0.0
541,2013-04-09,11.0,24.8,8.02,0.12,1667.0,75.0,756.88,85.27,291.48,1.59,0.18,0.01,5.91,7.05,50.42,7.24,76.05,242.9,0.0,5.12,57.0,967.0,0.1,22.08,0.2526,0.0044,0.0087,0.0,0.304,0.0,0.187,0.393,0.00084,0.12,0.0144,165.6,0.081,930000.0,430000.0,1.0,34.2,0.0,0.0,1024.0,7.23
542,2013-04-09,12.0,26.7,7.75,4.47,1630.0,7.3,409.74,127.78,279.21,1.68,1.61,0.764,0.66,0.9,169.1,0.26,6.78,36.72,0.0,3.62,21.0,1081.0,0.1,0.93,0.1447,0.0045,0.0071,0.0,0.304,0.0,0.183,0.177,0.00107,0.12,0.0213,190.2,0.104,2400000.0,430000.0,1.0,36.0,0.0,0.0,1102.0,3.274
543,2013-04-09,13.0,23.6,8.16,1.34,1210.0,40.0,411.78,70.97,275.05,1.52,0.19,0.01,0.52,0.57,113.56,0.19,2.94,39.66,0.0,0.54,43.0,784.0,0.1,22.08,0.4439,0.0042,0.1754,0.0,0.304,0.0,0.802,0.393,0.0008,0.12,0.073,134.4,0.272,15000.0,15000.0,1.0,19.4,0.0,0.0,827.0,0.76
544,2013-04-10,5.0,22.9,7.79,2.21,1460.0,7.7,435.19,108.35,278.61,1.58,1.77,0.105,1.07,3.94,153.19,1.14,49.29,49.2,55.54,4.37,13.0,980.0,1.2,0.34,0.2733,0.0029,0.0093,0.02746,0.189,0.052,0.226,0.116,0.00085,,0.0552,190.0,0.039,460000.0,150000.0,0.0,36.8,,,993.0,5.815
545,2013-04-10,6.0,22.0,8.38,7.86,1472.0,4.0,431.63,110.97,281.78,1.68,2.41,0.126,1.32,3.69,148.5,0.22,44.06,44.06,55.54,3.84,14.0,1000.0,1.2,0.34,0.0802,0.0046,0.0079,0.02746,0.189,0.052,0.182,0.071,0.00077,,0.0552,187.8,0.031,1100000.0,1100000.0,0.0,30.0,,,1014.0,6.226
546,2013-04-10,7.0,24.6,7.69,0.25,1706.0,120.0,532.92,136.14,228.35,1.58,0.13,0.01,31.26,44.28,116.71,9.0,499.93,499.93,55.54,6.28,228.0,944.0,0.1,4.28,0.9666,0.0044,0.0085,0.02746,0.189,0.052,0.984,0.155,0.0009,,0.0552,196.8,0.301,11000000.0,2100000.0,0.0,39.8,,,1172.0,44.41
547,2013-04-10,8.0,22.6,7.86,4.08,1588.0,33.0,472.35,118.28,273.07,1.74,0.17,0.096,13.45,18.38,145.82,0.77,162.35,162.35,55.54,4.36,96.0,967.0,1.2,0.93,0.5671,0.004,0.0101,0.01353,0.189,0.052,1.488,0.159,0.00102,,0.0552,189.8,0.123,240000.0,93000.0,0.0,24.8,,,1063.0,18.646
548,2013-04-11,9.0,23.1,7.68,3.69,1109.0,34.0,351.21,75.86,248.34,1.4,0.11,0.01,14.11,17.15,80.5,0.5,8.94,44.06,,4.51,6.0,685.0,,0.54,0.0431,0.0047,0.0063,,,,0.108,0.256,0.00055,,0.0054,130.0,0.035,70.0,40.0,0.0,37.5,,,685.0,17.15
549,2013-04-11,10.0,25.5,8.01,7.11,466.0,2.0,148.12,23.99,292.27,0.94,0.54,0.058,0.52,1.15,42.21,0.19,2.2,16.16,,0.77,6.0,336.0,,0.54,0.0579,0.0038,0.0063,,,,0.072,0.256,0.00106,,0.011,47.4,0.207,150.0,40.0,0.0,30.4,,,336.0,1.748
550,2013-05-14,1.0,22.2,8.67,3.74,1230.0,100.0,447.72,80.69,180.2,1.68,0.18,0.01,2.38,3.28,132.29,0.19,3.65,64.28,95.0,1.16,163.0,841.0,1.4,0.34,4.2416,0.0087,0.0189,0.06033,0.061,,5.613,0.157,0.00147,,,153.9,0.043,930.0,430.0,1.0,24.2,,,1004.0,3.46
551,2013-05-14,2.0,21.1,7.52,1.1,1272.0,7.0,473.72,83.69,242.24,1.49,0.14,0.016,1.64,2.71,129.04,0.19,3.68,53.57,95.0,1.21,12.0,906.0,1.4,6.44,0.4318,0.0072,0.0161,0.06033,0.061,,0.119,0.118,0.00147,,,157.0,0.035,750.0,750.0,0.0,26.2,,,918.0,2.866
552,2013-05-14,3.0,23.6,7.41,3.04,1496.0,2.9,475.8,107.19,261.83,1.54,0.13,0.01,1.56,3.03,200.0,0.19,2.76,49.28,11.63,1.25,11.0,1043.0,1.4,0.93,0.393,0.0061,0.0121,0.06033,0.061,,0.079,0.124,0.00147,,,177.4,0.264,1500.0,930.0,1.0,29.1,,,1054.0,3.03
553,2013-05-14,4.0,23.5,7.86,5.21,1390.0,2.0,475.28,98.62,257.55,1.51,0.13,0.094,1.07,3.2,165.45,0.19,2.03,37.85,95.0,1.8,9.0,950.0,1.4,0.54,0.1367,0.0061,0.0134,0.06033,0.061,,0.105,0.166,0.00147,,,163.4,0.23,750.0,430.0,0.0,30.06,,,959.0,3.294
554,2013-05-14,5.0,24.9,7.81,5.07,1243.0,2.9,486.72,96.32,273.87,1.55,0.16,0.68,1.23,1.8,155.99,0.19,2.54,42.85,95.0,2.13,7.0,956.0,1.4,0.34,0.3651,0.0052,0.0115,0.06033,0.061,,0.144,0.162,0.00147,,,168.1,0.456,1500.0,1500.0,0.0,30.7,,,963.0,2.64
555,2013-05-14,6.0,24.9,8.03,2.27,1260.0,3.4,483.08,100.97,304.69,1.55,0.14,0.253,1.06,1.72,163.84,0.55,10.28,53.57,95.0,2.84,6.0,984.0,1.4,0.14,0.5618,0.0052,0.0117,0.06033,0.061,,0.123,0.107,0.00147,,,167.8,0.456,1500.0,1500.0,0.0,36.3,,,984.0,2.113
556,2013-05-14,7.0,24.4,7.81,1.29,1406.0,75.0,522.08,123.69,210.81,1.53,0.21,0.01,7.55,11.16,151.09,6.04,123.3,284.48,22.24,4.13,113.0,969.0,1.4,2.5,0.9817,0.0052,0.0084,0.06033,0.061,,1.12,0.172,0.00124,,,181.0,0.2,1500000.0,1500000.0,0.0,33.1,,,1082.0,11.37
557,2013-05-14,8.0,25.3,7.85,2.83,1218.0,33.0,441.48,100.05,202.24,1.82,0.13,0.01,5.33,6.81,147.49,1.95,62.88,137.79,95.0,4.21,67.0,875.0,0.7,1.13,5.1603,0.0066,0.0079,0.0484,0.061,,1.554,0.175,0.00147,,,158.0,0.156,2800.0,2800.0,0.0,29.6,,,942.0,6.81
558,2013-05-14,9.0,25.9,7.49,4.17,1351.0,30.0,472.16,95.9,218.98,1.51,0.14,0.01,0.98,1.72,101.1,0.49,11.79,55.71,95.0,4.55,59.0,775.0,1.4,1.13,0.3457,0.0042,0.0067,0.06033,0.061,,0.246,0.426,0.00052,,,142.2,0.456,1500000.0,1500000.0,0.0,35.0,,,834.0,1.86
559,2013-05-14,10.0,27.6,7.91,4.72,566.0,2.4,189.8,34.47,72.65,0.98,0.14,0.233,1.23,1.8,53.28,0.19,3.58,26.05,95.0,1.33,8.0,412.0,1.4,0.54,0.2338,0.0045,0.0005,0.06033,0.061,,5.613,0.541,0.00147,,,62.3,0.171,1500000.0,1500000.0,0.0,32.2,,,420.0,2.173
560,2013-05-14,11.0,26.2,7.83,0.05,1704.0,130.0,744.64,88.55,291.43,1.5,0.18,0.022,4.35,6.15,82.82,6.78,85.0,207.86,19.84,4.97,73.0,1012.0,1.4,31.47,0.3674,0.0034,0.0095,0.06033,0.061,,0.173,0.541,0.00147,,,164.3,0.456,930000.0,430000.0,1.0,33.7,,,1085.0,6.352
561,2013-05-14,12.0,25.0,7.96,2.75,1831.0,29.0,455.52,191.99,271.02,1.74,0.14,2.12,1.72,3.36,200.0,0.82,17.16,71.32,95.0,5.51,120.0,1214.0,1.4,31.47,2.3326,0.0053,0.0189,0.06033,0.061,,0.895,0.196,0.00147,,,224.7,0.13,1500.0,1500.0,1.0,34.2,,,1334.0,5.62
562,2013-05-14,13.0,22.1,8.08,0.1,1245.0,39.0,460.2,80.88,241.22,1.52,0.15,0.012,2.87,4.92,119.56,0.19,7.35,50.0,10.81,1.3,36.0,849.0,1.4,6.64,1.3473,0.0085,0.0183,0.06033,0.061,,2.025,0.135,0.00056,,,148.5,0.058,2000.0,1500.0,1.0,21.6,,,885.0,5.082
615,2013-10-08,4.0,0.0,0.0,0.0,0.0,0.0,0.0,0.0,0.0,0.0,0.0,0.0,0.0,0.0,0.0,0.0,0.0,0.0,0.0,0.0,0.0,0.0,0.0,0.0,0.0,0.0,0.0,0.0,0.0,0.0,0.0,0.0,0.0,0.0,0.0,0.0,0.0,0.0,0.0,0.0,0.0,0.0,0.0,546.0,8.44
616,2013-10-08,5.0,25.3,7.37,1.95,730.0,15.0,247.09,41.87,0.0,0.0,0.0,0.0,0.0,4.69,91.88,0.19,8.64,34.72,0.0,2.19,21.0,517.0,0.0,4.88,0.13,0.0,0.0,0.0,0.0,0.0,0.55,0.3,0.00072,0.0,0.0,71.2,0.0,0.0,0.0,0.0,29.3,0.0,0.0,538.0,8.08
617,2013-10-10,1.0,20.8,7.13,4.04,196.7,290.0,83.33,7.65,72.68,0.38,3.82,0.131,0.87,3.01,15.25,0.19,7.08,35.49,0.0,0.93,336.0,169.0,0.0,7.05,0.14,0.0,0.0,0.0,0.05,0.0,6.65,0.24,0.00051,0.0,0.0,10.1,0.17,150000.0,75000.0,0.0,24.3,0.0,0.0,505.0,6.96
618,2013-10-10,2.0,21.9,7.05,3.98,389.0,11.0,162.31,15.44,106.0,0.19,0.0,0.022,1.27,2.9,29.25,0.19,4.02,34.72,0.0,1.11,10.0,288.0,0.0,12.56,0.12,0.0,0.0,0.0,0.05,0.0,0.69,0.24,0.0005,0.0,0.0,22.4,0.0,110000.0,110000.0,0.0,23.5,0.0,0.0,298.0,2.9
619,2013-10-10,3.0,26.8,7.24,6.02,397.0,22.0,158.43,19.27,87.1,0.28,0.14,0.783,1.16,3.07,35.68,0.19,6.21,43.2,23.37,0.96,28.0,303.0,1.1,3.94,0.12,0.01,0.0,0.0,0.05,0.0,0.6,0.14,0.0013,0.0,0.0,28.6,0.17,9300.0,4300.0,0.0,25.6,0.0,0.0,331.0,3.21
620,2013-10-10,4.0,26.4,7.78,5.39,813.0,10.0,271.32,46.19,174.2,0.66,1.32,0.217,4.52,6.9,87.36,0.47,7.88,34.72,23.37,2.34,15.0,531.0,1.1,0.59,0.12,0.01,0.0,0.0,0.05,0.0,0.29,0.17,0.0013,0.0,0.0,74.7,0.17,150000.0,110000.0,0.0,29.0,0.0,0.0,0.0,0.0
621,2013-10-10,5.0,0.0,0.0,0.0,0.0,0.0,0.0,0.0,179.08,0.66,2.63,0.756,2.9,0.0,0.0,0.0,0.0,0.0,0.0,0.0,0.0,0.0,0.0,0.0,0.0,0.0,0.0,0.0,0.0,0.0,0.0,0.0,0.0,0.0,0.0,0.0,0.0,0.0,0.0,0.0,0.0,0.0,0.0,0.0,0.0
622,2013-10-10,6.0,24.7,7.83,5.42,651.0,37.0,202.04,36.38,544.44,0.61,4.9,0.512,0.98,2.55,83.55,0.19,7.16,30.09,23.37,2.01,52.0,462.0,1.1,0.59,0.13,0.0,0.0,0.0,0.05,0.0,1.62,0.16,0.0006,0.0,0.0,57.6,0.03,110000.0,110000.0,0.0,29.6,0.0,0.0,514.0,7.96
623,2013-10-10,7.0,25.0,7.63,6.11,412.0,75.0,139.54,17.6,119.45,0.89,3.41,0.345,3.3,5.8,42.8,0.19,9.84,47.83,23.37,1.57,34.0,400.0,0.1,5.04,0.3,0.01,0.0,0.0,0.05,0.0,2.73,0.16,0.0008,0.0,0.0,26.7,0.05,110000.0,46000.0,0.0,30.7,0.0,0.0,434.0,9.55
624,2013-10-10,8.0,25.6,7.28,4.03,704.0,60.0,204.46,43.76,134.45,0.85,2.59,0.783,4.98,9.5,79.91,1.37,52.08,108.21,23.37,2.79,154.0,418.0,1.1,0.55,0.3,0.01,0.0,0.0,0.05,0.0,1.85,0.16,0.0012,0.0,0.0,64.9,0.16,110000.0,110000.0,0.0,28.9,0.0,0.0,572.0,12.87
625,2013-10-10,9.0,25.4,7.5,5.31,299.0,50.0,105.62,11.61,74.63,56.0,0.35,0.071,1.04,2.49,22.84,0.19,3.4,30.09,23.37,0.84,21.0,274.0,1.1,1.93,0.3,0.01,0.0,0.0,0.05,0.0,2.22,0.07,0.0009,0.0,0.0,14.3,0.16,24000.0,9300.0,0.0,34.6,0.0,0.0,295.0,2.91
626,2013-10-10,10.0,29.5,8.47,7.62,539.0,1.9,185.56,30.48,116.14,0.88,0.42,0.076,9.91,2.32,49.46,0.19,1.96,22.37,23.37,1.02,10.0,354.0,1.1,1.93,0.04,0.01,0.0,0.0,0.05,0.0,0.17,3.47,0.0013,0.0,0.0,50.3,0.03,150000.0,110000.0,0.0,28.4,0.0,0.0,364.0,2.82
627,2013-10-10,11.0,26.7,7.56,3.5,765.0,33.0,265.02,42.54,141.86,0.58,4.9,0.783,9.91,13.74,71.0,3.62,39.72,100.65,23.37,3.0,65.0,477.0,1.1,3.15,0.12,0.01,0.0,0.0,0.05,0.0,0.53,3.47,0.0006,0.0,0.0,66.5,0.02,46000.0,46000.0,0.0,30.7,0.0,0.0,542.0,13.74
628,2013-10-10,12.0,26.6,7.77,6.08,959.0,9.4,315.89,49.38,180.05,0.74,0.15,0.177,5.86,7.71,104.97,1.65,11.01,43.2,23.37,1.58,27.0,635.0,0.5,0.98,0.13,0.01,0.0,0.0,0.05,0.0,0.37,0.28,0.0006,0.0,0.0,88.5,0.02,110000.0,46000.0,0.0,29.6,0.0,0.0,662.0,8.04
629,2013-10-10,13.0,20.5,7.09,4.3,196.4,330.0,99.32,7.88,82.23,0.48,3.6,0.13,0.87,3.65,15.61,0.19,9.8,41.66,23.37,0.95,333.0,222.0,0.2,2.56,0.14,0.01,0.0,0.0,0.05,0.0,7.51,0.29,0.0006,0.0,0.0,88.5,0.07,150000.0,110000.0,0.0,24.3,0.0,0.0,555.0,7.38
630,2013-11-07,1.0,22.1,7.38,2.62,294.0,40.0,122.16,11.66,98.87,0.28,1.34,0.771,0.87,2.03,14.75,0.28,5.05,37.38,9.39,0.62,30.0,248.0,7.0,8.21,0.3117,0.0042,0.0079,0.00053,0.491,,1.023,0.091,0.00053,,0.0031,10.1,0.035,150000.0,28000.0,1.0,26.0,,0.0,0.0,0.0
631,2013-11-07,2.0,20.6,6.99,0.92,460.0,3.8,185.32,25.3,116.86,1.0,7.72,0.89,0.87,1.74,44.68,0.19,2.41,38.94,9.39,1.06,94.0,335.0,7.0,8.21,0.0371,0.0042,0.0068,0.00058,0.491,,0.227,0.174,0.00053,,0.0049,28.6,0.039,150000.0,43000.0,1.0,25.9,,0.0,0.0,0.0
632,2013-11-07,3.0,21.8,7.0,2.38,507.0,37.0,177.48,31.47,119.76,0.37,7.72,0.89,0.98,5.68,62.42,0.19,23.52,196.1,9.39,1.82,61.0,430.0,7.0,1.83,0.1267,0.0042,0.0079,0.00102,0.491,,0.398,0.161,0.00053,,0.1403,38.9,0.281,43000.0,23000.0,1.0,31.2,,0.0,0.0,0.0
633,2013-11-07,4.0,23.8,7.63,3.26,887.0,5.6,284.44,51.77,186.51,0.64,1.82,0.414,4.46,7.3,91.75,0.58,7.65,51.2,9.39,1.97,8.0,604.0,7.0,8.21,0.0743,0.0042,0.0063,0.00079,0.116,,0.124,0.174,0.00053,,0.0249,92.9,0.089,210000.0,15000.0,1.0,31.8,,0.0,0.0,0.0
634,2013-11-07,5.0,22.3,7.69,5.25,821.0,15.0,224.05,47.5,158.46,0.68,7.72,0.581,1.97,3.65,85.81,0.84,33.6,78.85,9.39,2.91,26.0,561.0,7.0,0.64,0.8623,0.0028,0.0059,0.00483,0.491,,0.296,0.101,0.00053,,0.0054,84.8,0.044,1100000.0,1100000.0,0.0,25.7,,0.0,0.0,0.0
635,2013-11-07,6.0,23.1,8.14,7.46,780.0,11.0,251.71,50.6,165.62,0.71,2.98,0.525,3.24,5.33,89.92,0.31,3.65,40.45,9.39,1.99,94.0,561.0,7.0,0.84,0.2465,0.0037,0.0057,0.00483,0.134,,0.171,0.178,0.00053,,0.0537,88.7,0.131,150000.0,75000.0,0.0,27.6,,0.0,0.0,0.0
636,2013-11-07,7.0,23.7,7.54,6.09,516.0,30.0,155.36,30.88,87.07,0.6,1.47,0.378,6.43,10.26,62.92,0.46,39.36,141.99,9.39,2.03,94.0,350.0,1.0,8.21,0.6781,0.003,0.0079,0.00124,0.054,,1.001,0.155,0.00053,,0.0156,47.1,0.12,460000.0,20000.0,0.0,31.2,,0.0,0.0,0.0
637,2013-11-07,8.0,23.2,7.74,4.74,888.0,30.0,263.69,59.61,136.21,0.85,1.7,0.554,9.21,10.43,93.92,5.3,26.82,143.49,9.39,3.24,75.0,575.0,0.4,0.24,0.6644,0.0036,0.005,0.00483,0.491,,0.829,0.157,0.00053,,0.0074,92.2,0.154,150000.0,75000.0,0.0,24.0,,0.0,0.0,0.0
638,2013-11-07,9.0,27.7,7.37,4.78,461.0,5.3,184.4,32.23,112.02,0.78,0.13,0.89,3.53,5.45,55.03,0.68,4.03,43.52,9.39,1.57,94.0,392.0,7.0,5.62,0.0707,0.0029,0.0079,0.0019,0.491,,0.196,0.198,0.00053,,0.0046,50.08,0.06,46000.0,15000.0,0.0,31.8,,0.0,0.0,0.0
639,2013-11-07,10.0,28.6,7.77,5.06,460.0,2.3,157.66,25.08,97.71,0.79,0.18,0.89,0.87,2.26,43.07,0.19,1.38,30.72,9.39,0.9,94.0,333.0,7.0,6.02,0.0324,0.0042,0.0079,0.00056,0.491,,1.216,0.368,0.00053,,0.0046,39.4,0.023,9300.0,9300.0,0.0,30.6,,0.0,0.0,0.0
640,2013-11-07,11.0,24.6,7.86,1.64,1152.0,22.0,431.96,52.18,203.73,0.98,7.72,0.89,25.33,32.51,72.15,1.93,43.2,206.63,9.39,5.98,82.0,633.0,7.0,1.63,0.1076,0.0042,0.0069,0.00089,0.491,,0.227,0.368,0.00053,,0.0038,106.3,0.071,210000.0,150000.0,1.0,29.1,,0.0,0.0,0.0
641,2013-11-07,12.0,26.7,7.82,3.2,1468.0,21.0,383.55,109.68,229.27,1.0,4.4,0.89,8.35,11.71,141.08,1.57,21.3,68.1,9.39,3.27,48.0,926.0,0.6,0.44,0.2927,0.003,0.0077,0.00099,0.116,,0.876,0.368,0.00053,,0.0207,162.9,0.147,93000.0,43000.0,1.0,32.1,,0.0,0.0,0.0
642,2013-11-07,13.0,22.3,7.32,2.52,297.0,39.0,120.78,10.67,102.74,1.0,2.11,0.177,0.87,2.72,14.37,0.19,3.25,34.82,9.39,0.51,31.0,239.0,7.0,8.21,0.3229,0.0042,0.0079,0.00053,0.491,,1.216,0.085,0.00053,,0.1403,10.1,0.056,240000.0,15000.0,1.0,29.3,,0.0,0.0,0.0
643,2013-12-17,1.0,20.8,3.0,0.0,0.0,1.0,9.75,5.56,2.08,0.27,0.1,0.022,0.5,0.5,2.95,0.19,1.26,25.0,8.37,0.37,7.0,0.0,0.0,0.0,0.0,0.0,0.0,0.0,0.0,0.0,0.0,0.0,0.0,0.0,0.0,0.0,0.0,0.0,0.0,0.0,0.0,,0.0,0.0,0.0
644,2013-12-17,2.0,18.1,7.29,4.35,953.0,4.9,283.1,61.11,215.99,0.66,12.04,2.17,1.16,4.0,113.52,0.19,2.64,62.2,19.83,1.56,76.0,633.0,1.2,1.04,0.3543,0.0,0.008,0.00284,0.081,0.0,0.307,0.18,0.00089,0.0,0.0068,87.9,0.05,93000.0,93000.0,0.0,23.6,,0.0,633.0,5.16
645,2013-12-17,3.0,16.2,6.98,3.06,637.0,9.9,189.05,41.17,155.09,0.0,0.0,0.0,0.0,3.59,71.07,0.19,7.34,78.12,0.0,1.22,24.0,439.0,1.2,1.04,0.1241,0.0,0.0058,0.00284,0.081,0.0,0.263,0.097,0.00085,0.0,0.0068,50.2,0.107,930.0,430.0,1.0,24.3,,0.0,739.0,5.512
646,2013-12-17,4.0,19.8,7.54,4.27,1351.0,1.9,367.17,91.59,250.62,0.96,7.49,0.86,3.07,6.49,153.85,0.19,5.57,25.38,19.83,3.8,76.0,917.0,1.2,6.81,0.1242,0.0,0.008,0.00284,0.081,0.0,0.117,0.123,0.0009,0.0,0.0068,139.6,0.023,24000.0,24000.0,0.0,25.2,,0.0,562.01,7.982
647,2013-12-17,5.0,19.4,7.34,1.25,1218.0,6.3,367.65,91.64,224.74,0.95,7.4,0.418,4.46,10.08,162.24,0.22,10.7,41.3,10.73,3.92,12.0,915.0,1.2,2.63,0.303,0.0,0.008,0.00284,0.081,0.0,0.334,0.389,0.00098,0.0,0.0068,134.0,0.025,93000.0,93000.0,1.0,27.7,,0.0,927.0,17.9
648,2013-12-17,6.0,19.2,8.04,4.95,1161.0,17.0,344.85,88.89,217.89,0.99,12.04,0.25,0.64,4.52,155.8,0.38,8.19,35.83,19.83,3.82,27.0,894.0,1.2,0.64,0.3382,0.0,0.0067,0.00284,0.081,0.0,0.881,0.101,0.00108,0.0,0.0068,133.2,0.025,1100000.0,210000.0,1.0,27.3,,0.0,921.0,16.81
649,2013-12-17,7.0,21.5,7.39,0.0,1076.0,45.0,351.97,81.8,166.32,1.36,12.04,2.17,21.15,31.93,124.61,5.12,60.36,271.57,15.32,4.97,76.0,728.0,1.2,0.84,0.3735,0.0,0.0051,0.00274,0.081,0.0,0.518,0.14,0.00125,0.0,0.0068,111.4,0.107,150000.0,150000.0,1.0,29.6,,0.0,804.0,31.93
650,2013-12-17,8.0,20.9,7.52,2.46,962.0,25.0,310.17,67.18,163.47,1.46,0.11,0.082,16.58,22.78,114.18,0.94,23.34,169.04,19.83,3.72,61.0,638.0,0.2,6.81,0.3872,0.0,0.0066,0.00284,0.081,0.0,0.567,0.116,0.0012,0.0,0.0068,101.6,0.079,1100000.0,1100000.0,1.0,25.6,,0.0,699.0,22.97
651,2013-12-17,9.0,24.5,7.45,4.66,744.0,3.7,228.47,44.89,133.59,0.85,0.14,2.17,7.94,11.3,72.04,0.88,7.08,29.36,19.83,2.33,76.0,473.0,1.2,1.24,0.1446,0.0,0.008,0.00284,0.081,0.0,0.231,0.195,0.0008,0.0,0.0068,66.1,0.107,9300.0,9300.0,0.0,27.5,,0.0,306.1,7.859
652,2013-12-17,10.0,23.4,7.0,4.86,409.0,5.1,138.22,20.74,93.25,0.52,0.26,2.17,0.75,2.67,47.76,0.19,1.46,25.38,19.83,1.0,76.0,306.0,1.2,0.44,0.4019,0.0,0.008,0.00284,0.081,0.0,0.312,0.154,0.00078,0.0,0.0068,30.3,0.032,40.0,40.0,0.0,30.3,,0.0,488.1,7.418
653,2013-12-17,11.0,20.2,7.76,0.56,1334.0,70.0,560.02,61.9,256.14,0.92,0.11,2.17,34.6,39.7,55.8,9.76,80.25,220.46,19.83,6.94,15.0,818.0,1.2,6.81,0.186,0.0,0.0074,0.00284,0.081,0.0,0.231,0.429,0.001,0.0,0.0068,112.0,0.039,9300000.0,4300000.0,0.0,24.6,,0.0,407.1,26.552
654,2013-12-17,12.0,23.2,7.62,2.47,1371.0,7.8,399.0,82.38,252.91,0.93,8.87,2.17,4.81,9.22,133.27,0.27,5.87,79.62,19.83,4.34,13.0,911.0,1.2,6.81,0.3322,0.0,0.008,0.00284,0.081,0.0,0.253,0.281,0.00095,0.0,0.0068,135.7,0.025,240000.0,240000.0,0.0,27.2,,0.0,518.3,12.41
655,2013-12-17,13.0,0.0,0.0,0.0,0.0,0.0,0.0,0.0,0.0,0.0,0.0,0.0,0.0,0.0,0.0,0.19,0.0,0.0,0.0,0.0,0.0,0.0,0.0,0.0,0.0,0.0,0.0,0.0,0.0,0.0,0.0,0.0,0.0,0.0,0.0,0.0,0.0,0.0,0.0,0.0,0.0,,0.0,0.0,0.0
